0.000000000000000000e+00,9.789381053744313464e-04,3.113592716217563217e-03,5.749046094141875562e-03,8.583156990275073520e-03,1.145997552709084912e-02,1.429083252537717910e-02,1.702132445863976939e-02,1.961658916687863963e-02,2.205428376958976089e-02,2.432091545172958627e-02,2.640966896771324360e-02,2.831892764689585007e-02,3.005114240759866953e-02,3.161190112319516021e-02,3.300913799270686205e-02,3.425245596462388881e-02,3.535255040266355869e-02,3.632072790361050296e-02,3.716851258916584883e-02,3.790733237233499114e-02,3.854827578429204094e-02,3.910191609847168265e-02,3.957817988781651974e-02,3.998627681114363258e-02,4.033465189147152075e-02,4.063097495274143461e-02,4.088215124354208085e-02,4.109434901626723285e-02,4.127303888272858962e-02,4.142304191803569680e-02,4.154858077568117369e-02,4.165333386574372743e-02,4.174048913601934724e-02,4.181279643857891554e-02,4.187261716234060016e-02,4.192197040244976386e-02,4.196257570820796645e-02,4.199589199447038151e-02,4.202315259504862260e-02,4.204539655606392284e-02,4.206349635029353606e-02,4.207818224748402502e-02,4.209006360695692617e-02,4.209964736654718542e-02,4.210735396160280447e-02,4.211353115281771947e-02,4.211846579974221072e-02,4.212239386628241489e-02,4.212550891231815753e-02,4.212797232800674641e-02,4.212991069116741455e-02,4.213142894200673505e-02,4.213261222043676590e-02,4.213352939674187142e-02,4.213423600995010176e-02,4.213477670632146538e-02,4.213518725702661977e-02,4.213549622285107238e-02,4.213572631104513938e-02,4.213589543601096998e-02,4.213601773736030259e-02,4.213610434306502145e-02,4.213616396793055940e-02,4.213620340597851871e-02,4.213622792143147805e-02,4.213624156919893587e-02,4.213624744942381234e-02,4.213624791368637129e-02,4.213624472743749544e-02,4.213623938908575561e-02,4.213623267870033468e-02,4.213622500131105481e-02,4.213621725481367375e-02,4.213620973241288120e-02,4.213620262402322653e-02,4.213619592564608884e-02,4.213618985824982288e-02,4.213618443168431343e-02,4.213617962624740393e-02
0.000000000000000000e+00,9.789381053744313464e-04,3.113592716217563217e-03,5.838898239381410012e-03,8.852218130769872600e-03,1.183958999767556301e-02,1.473512096660027464e-02,1.749842720670458443e-02,2.010396114938063639e-02,2.253593925079951099e-02,2.478567706200554555e-02,2.687223472370728686e-02,2.898744859253499576e-02,3.085690725099286477e-02,3.249860019559692309e-02,3.396840733668886336e-02,3.582432702489776050e-02,3.739096985523735622e-02,3.931327554233917526e-02,4.082896194827885517e-02,4.208036515084802309e-02,4.299882181121779390e-02,4.365305273004860959e-02,4.437147532275998590e-02,4.562215977396585909e-02,4.648925119013982976e-02,4.703324254185497350e-02,4.743332875137683258e-02,4.758619104946160833e-02,4.754678503282904617e-02,4.736476883236702407e-02,4.708286799763812536e-02,4.677131670992491774e-02,4.722368746220198532e-02,4.749267610543092544e-02,4.840652030324445881e-02,4.897137198496904348e-02,4.923301539197808691e-02,4.928414867135807315e-02,4.981899529966112017e-02,5.004382548949411202e-02,5.001285045966896020e-02,4.983081889399668812e-02,5.037661021729071542e-02,5.060607877453635051e-02,5.057057329600220252e-02,5.032615466002570564e-02,4.993588750062274983e-02,4.960724936795990470e-02,4.916819100557284772e-02,4.865690036453183126e-02,4.814149519030323787e-02,4.843746615258655297e-02,4.856586676252008794e-02,4.937291564094801327e-02,4.989192734386305866e-02,5.107622841713021361e-02,5.285045486709582380e-02,5.518174983572018272e-02,5.800329309016923063e-02,6.056660101771949023e-02,6.281642370310616674e-02,6.548306349917032421e-02,6.848031422426956172e-02,7.057118649439930724e-02,7.175165966879890056e-02,7.235856526650019660e-02,7.380781252542881199e-02,7.441361588968850582e-02,7.423873782459351756e-02,7.339395983327083595e-02,7.224741243696619630e-02,7.240796566489070274e-02,7.370889632486897491e-02,7.528943927832301708e-02,7.606743570253468589e-02,7.605808729629091880e-02,7.535753851226645317e-02,7.441566330203785995e-02,7.455601074401466133e-02
0.000000000000000000e+00,1.038250582585962872e-03,3.395768685290926400e-03,6.312498152245141561e-03,9.424195857843528645e-03,1.268052491375528702e-02,1.582154085489922285e-02,1.910522552097821541e-02,2.240086356696002756e-02,2.528429994093678995e-02,2.779567098654752225e-02,3.000795435628874838e-02,3.230931992627172206e-02,3.427931888342652250e-02,3.655441740351259711e-02,3.908316676124507644e-02,4.183848568016813874e-02,4.475175614475998542e-02,4.696967487764972665e-02,4.862241815616278467e-02,5.062598973507999311e-02,5.207127587563216420e-02,5.393937141374191557e-02,5.524913460925100911e-02,5.704342002352323637e-02,5.815572991876976489e-02,5.877292781786329356e-02,6.001000291470191816e-02,6.061351043801292693e-02,6.065966934495776314e-02,6.036186236612096218e-02,6.084950444199650754e-02,6.095115480036181893e-02,6.180221164205066536e-02,6.221860525770208511e-02,6.345420478112079321e-02,6.500366766366896809e-02,6.746504281958562443e-02,7.095105382889391188e-02,7.571181487687314582e-02,8.170855592773493270e-02,8.758281897148313677e-02,9.615294759136019942e-02,1.090550152725038163e-01,1.256198404442031569e-01,1.357601299924527938e-01,1.392483708509391627e-01,1.392483159697263106e-01,1.360847824311100795e-01,1.358749623298893261e-01,1.378192720095529622e-01,1.412191717290714743e-01,1.418370288019161207e-01,1.389245854529501112e-01,1.360893121907262582e-01,1.297382001102113103e-01,1.220967340498907705e-01,1.142155648802382351e-01,1.072970082482160997e-01,1.035056895164726404e-01,1.018593497677514614e-01,1.001964517805742638e-01,1.003710356122354957e-01,9.950922356852900941e-02,9.841684274425106793e-02,9.897189694064251198e-02,9.921361872271250437e-02,1.016409011198242257e-01,1.045841218860213417e-01,1.070409517950750289e-01,1.124361036452498908e-01,1.213537874430579422e-01,1.338138353473644904e-01,1.447060956636446460e-01,1.490692366430907689e-01,1.509715132172621821e-01,1.514399718097373670e-01,1.512950946795347251e-01,1.510007454696813134e-01,1.507712402751849867e-01
0.000000000000000000e+00,1.142951032919404955e-03,3.496946042602498694e-03,6.247902859660643508e-03,9.248544884229719862e-03,1.252823023860895855e-02,1.594951434585171676e-02,1.943568987882512977e-02,2.294347734129379215e-02,2.639353450758450195e-02,2.931554231666320259e-02,3.176796139813719416e-02,3.380904937099930840e-02,3.549455726400663202e-02,3.691525131853239799e-02,3.875181297607105391e-02,4.093245378663699224e-02,4.341451041900704078e-02,4.611609854138225967e-02,4.821662625664206725e-02,5.061367068368913952e-02,5.231398204330049706e-02,5.338436075264590963e-02,5.391437226704270946e-02,5.408321307630803432e-02,5.489881819054513029e-02,5.523487658248246029e-02,5.524996477691088842e-02,5.605216389392827375e-02,5.756724024720088345e-02,5.977077605062800641e-02,6.252612723131349692e-02,6.448597800325206464e-02,6.569325952446540551e-02,6.667127369393759106e-02,6.859043100397234360e-02,7.153680376809289088e-02,7.571589003119429118e-02,8.153709580915846633e-02,8.979796103413557884e-02,1.020830025234914229e-01,1.212972090383131474e-01,1.476222724331366642e-01,1.622748838074342947e-01,1.623607886823917879e-01,1.593211783892792277e-01,1.523874110985064256e-01,1.445981091423358400e-01,1.412629393365896768e-01,1.407948210986223747e-01,1.395135133254112314e-01,1.336359301472847538e-01,1.259217384457666233e-01,1.191119265573337277e-01,1.162748098333929309e-01,1.168444724444351324e-01,1.208428805439640680e-01,1.284182036686868089e-01,1.357546473044408952e-01,1.385814219871444597e-01,1.390383504647500768e-01,1.363512817686107770e-01,1.339137637475632803e-01,1.280501016336005882e-01,1.223995205016270987e-01,1.205939861811711894e-01,1.204181208986959128e-01,1.179327226865029832e-01,1.137805022016685347e-01,1.097269450243410910e-01,1.079733577978988224e-01,1.066499218559663620e-01,1.071210383489838019e-01,1.061449236756580317e-01,1.048515340835784321e-01,1.063292729387126379e-01,1.094918410943678394e-01,1.107136453632706907e-01,1.112183210699655977e-01,1.131013940871336276e-01
0.000000000000000000e+00,1.142951032919404955e-03,3.579947109159235460e-03,6.467956251639935851e-03,9.548012430244254972e-03,1.287138118241932389e-02,1.622592083681593730e-02,1.928027020564349742e-02,2.212516334561965073e-02,2.513126350213902571e-02,2.824411249591477976e-02,3.138371875549043205e-02,3.397938082147322625e-02,3.609081970249315707e-02,3.778150854643873985e-02,3.911403886719937856e-02,4.014712747837864693e-02,4.094097114525942216e-02,4.169355894831053982e-02,4.276924582563842309e-02,4.430928742984958230e-02,4.543226018148932566e-02,4.618969720202152629e-02,4.664097506762437950e-02,4.689022001996321493e-02,4.781708947095065360e-02,4.926057117813838204e-02,5.022681317679825175e-02,5.083307649426214297e-02,5.200886292024851920e-02,5.277269996017332904e-02,5.409599793011977964e-02,5.487445622329402417e-02,5.525944852328801282e-02,5.637402390466785679e-02,5.816887738261777852e-02,6.051886071313882648e-02,6.245586373539216418e-02,6.517162089161242233e-02,6.853454031325156848e-02,7.101104888583220642e-02,7.285919684317739009e-02,7.550702595026151376e-02,7.719704362499038575e-02,7.830746775312880104e-02,8.038296117907971217e-02,8.148301693202868179e-02,8.162674294358523985e-02,8.131735098524010830e-02,8.240223438301766401e-02,8.381018770309814347e-02,8.427736404553265448e-02,8.383867832140350085e-02,8.260783770366547651e-02,8.110820489321926563e-02,8.088385101148101719e-02,7.997221296784087774e-02,7.878824200317022242e-02,7.882164723071448387e-02,7.818369558654993112e-02,7.724661268413274273e-02,7.747109143493374761e-02,7.701873699321765132e-02,7.595420125929887301e-02,7.440570628530553121e-02,7.282524788874616961e-02,7.264073611671489905e-02,7.375978009355600717e-02,7.589440229212458811e-02,7.723837145747981803e-02,7.774588776994861838e-02,7.745820656934070125e-02,7.678674905553201091e-02,7.720596169802707021e-02,7.689671345065722530e-02,7.593521516033273355e-02,7.443720721938804075e-02,7.275786550810688091e-02,7.247772533316308718e-02,7.349517184576750961e-02
0.000000000000000000e+00,1.142951032919404955e-03,3.496946042602498694e-03,6.373126213284408155e-03,9.524085920991895438e-03,1.267895471395277980e-02,1.592830344809658544e-02,1.891148833579599925e-02,2.170012173179542911e-02,2.461268753264716364e-02,2.716631516611556912e-02,2.943983068189395466e-02,3.196619141422196719e-02,3.464423130070858059e-02,3.683562030862697068e-02,3.874648370276173592e-02,4.023563727450506916e-02,4.140765776656093328e-02,4.300174461121147179e-02,4.422135097124878234e-02,4.588236869467177820e-02,4.739815963565086748e-02,4.930838755343826263e-02,5.063697684084737111e-02,5.144714081638131209e-02,5.188888380751775081e-02,5.293031694599253933e-02,5.367213205723925240e-02,5.507392165076447493e-02,5.698842689942058143e-02,5.835435066458512232e-02,6.026490659642416703e-02,6.145606187217830113e-02,6.212695593448023385e-02,6.362588364546500896e-02,6.597049866233074822e-02,6.900467099001110494e-02,7.117734627095412270e-02,7.274688318111630081e-02,7.513239824855524884e-02,7.695118403204287416e-02,7.971043690315979258e-02,8.148328536008052347e-02,8.223802125091496384e-02,8.247965120563274799e-02,8.432450764683828426e-02,8.778629956759398389e-02,9.260873462045675353e-02,9.923085711440968182e-02,1.058370321647252588e-01,1.160393048448555287e-01,1.276663421253712294e-01,1.355793237448686683e-01,1.395468361760267284e-01,1.385493701131392530e-01,1.365662849627736486e-01,1.327241617198424706e-01,1.322538496479189196e-01,1.344464310332360302e-01,1.386611111263605089e-01,1.405637506745036069e-01,1.361243151344015412e-01,1.311778600835753483e-01,1.286625179828375931e-01,1.249287194165159681e-01,1.208852707584391895e-01,1.188022736776089133e-01,1.153975304792350387e-01,1.117639777087560682e-01,1.081744741559952372e-01,1.076599016474390769e-01,1.101781237527733742e-01,1.161072730959292199e-01,1.259817075881515813e-01,1.391481447127426163e-01,1.508802806191164025e-01,1.518255693502570947e-01,1.469918920325745948e-01,1.419403282388012055e-01,1.359280283461883065e-01
0.000000000000000000e+00,9.789381053744313464e-04,3.113592716217563217e-03,5.749046094141875562e-03,8.583156990275073520e-03,1.145997552709084912e-02,1.437636386369209145e-02,1.744638783909157817e-02,2.033945199276826141e-02,2.340136142504966807e-02,2.651562982624879050e-02,2.923477642080984581e-02,3.206065010308615376e-02,3.444180482359645440e-02,3.697153871159054861e-02,3.898472097026921268e-02,4.054497825065214028e-02,4.173891785991963588e-02,4.293515437032218579e-02,4.378887405013644207e-02,4.440213921267388564e-02,4.560841068654248459e-02,4.731936526901338314e-02,4.948299306821841992e-02,5.199446057946708472e-02,5.380892615050890393e-02,5.506891748931305730e-02,5.681516655812531014e-02,5.788787849177420147e-02,5.835836924826390271e-02,5.832139861576789847e-02,5.788038641608403423e-02,5.722315226324607706e-02,5.748797740572804404e-02,5.856463176402824933e-02,6.040081648891148375e-02,6.283903331289543426e-02,6.451943018970167365e-02,6.563378925942185693e-02,6.743757472903604000e-02,6.845170179334812699e-02,6.894263250549557964e-02,7.023821192248771994e-02,7.076934306970961153e-02,7.059811209309645175e-02,6.982800572607585077e-02,6.865910187200115200e-02,6.768719144210276484e-02,6.634874841913233900e-02,6.474619135414520776e-02,6.308832529192233418e-02,6.262138298861330554e-02,6.305540571373559333e-02,6.314327192666537025e-02,6.419670287353458626e-02,6.618651761555072177e-02,6.893062305800694289e-02,7.113491358698639799e-02,7.415748292827802068e-02,7.663604205862446783e-02,8.015986962103009705e-02,8.311878782658459197e-02,8.498362426516446744e-02,8.572599917750814424e-02,8.542390372785836627e-02,8.422940828409038183e-02,8.273628163970501992e-02,8.295157337113395757e-02,8.488365773862478758e-02,8.815906986048879790e-02,9.044618754129829519e-02,9.227216933447353331e-02,9.630303587918272179e-02,1.020367775229277379e-01,1.075164209134557985e-01,1.145099771417315837e-01,1.203614661791635593e-01,1.263182415462618668e-01,1.269717350139363266e-01,1.236543747285928085e-01
0.000000000000000000e+00,9.789381053744313464e-04,3.113592716217563217e-03,5.749046094141875562e-03,8.583156990275073520e-03,1.145997552709084912e-02,1.429083252537717910e-02,1.705655067330701102e-02,1.982482065840008439e-02,2.238196070451211467e-02,2.472628812794524372e-02,2.686036876801621912e-02,2.883393923390390259e-02,3.114062682613585181e-02,3.369324388640134588e-02,3.637474349210376851e-02,3.919211805372167096e-02,4.141074814144755922e-02,4.314287673208699880e-02,4.518423574538973919e-02,4.666537953454814869e-02,4.765863539136927507e-02,4.824446013009116990e-02,4.855644395693458487e-02,4.953316242505678701e-02,5.101914973584997792e-02,5.205774319213034990e-02,5.369276313053222144e-02,5.579151508826908634e-02,5.732194063622656627e-02,5.949323661590681656e-02,6.234469083979665704e-02,6.576300387471360753e-02,6.830445289441179624e-02,7.019871843982301851e-02,7.281667762587300252e-02,7.450010915992716365e-02,7.525965496497588614e-02,7.548912104022889591e-02,7.701087236414566606e-02,7.994324432891471155e-02,8.459548446434428381e-02,9.160450723792595840e-02,1.022244013322377021e-01,1.186988329200528713e-01,1.420123354397809512e-01,1.592288622221011696e-01,1.569867572632046571e-01,1.502541236200973240e-01,1.439888922329569665e-01,1.348280291969222167e-01,1.270021001011295281e-01,1.236535488004259081e-01,1.225887144559614367e-01,1.218921052467520499e-01,1.244611130295778523e-01,1.301703972696945377e-01,1.383101025260956851e-01,1.430145947521088701e-01,1.421371807414543997e-01,1.397814865568136056e-01,1.330269764020697576e-01,1.266445517121067843e-01,1.226587296456735504e-01,1.185513698432473367e-01,1.165135975999801732e-01,1.134346166423577662e-01,1.104376854916075540e-01,1.073977605881214076e-01,1.073592718653213901e-01,1.091151752634095112e-01,1.096540703451727716e-01,1.109411260294992790e-01,1.152585915740133027e-01,1.229895214404653769e-01,1.340212179998684361e-01,1.457638263900350173e-01,1.491384137759238504e-01,1.458671893253158103e-01,1.416337211969113663e-01
0.000000000000000000e+00,9.789381053744313464e-04,3.113592716217563217e-03,5.801572404813815781e-03,8.740138442435197580e-03,1.168119913752983276e-02,1.454952665336731177e-02,1.730204412385847809e-02,1.996659575077685406e-02,2.276694942994389806e-02,2.568866014621122226e-02,2.823221766915847558e-02,3.043157361218508383e-02,3.232174886493658500e-02,3.397634636911555511e-02,3.596739827994296229e-02,3.759088840413788574e-02,3.889175278992890172e-02,3.995361142884570199e-02,4.147066223910684385e-02,4.266222780636426404e-02,4.428605385075270323e-02,4.546834104548529154e-02,4.626598954503134686e-02,4.674275410685292675e-02,4.696207049634511244e-02,4.698264967749958554e-02,4.689575675394402898e-02,4.755578037969252631e-02,4.872394013447690214e-02,4.953949814985378342e-02,5.090461478094857051e-02,5.191140653278043110e-02,5.245732743012649496e-02,5.261326184626356067e-02,5.245670372376091267e-02,5.206324226086656709e-02,5.150140191196716372e-02,5.083002947119329845e-02,5.014006594770124836e-02,5.029290162362824723e-02,5.022565782333091033e-02,5.002481220658606953e-02,5.061903610537591552e-02,5.188776200489436663e-02,5.375916811200374262e-02,5.620667080865143772e-02,5.925288214156727851e-02,6.298263910768688023e-02,6.757150535184058837e-02,7.299090610836590776e-02,7.799804550387735846e-02,8.481295385681421328e-02,9.355110839255842414e-02,1.028123499420889597e-01,1.165006294828277583e-01,1.354396650984754369e-01,1.528102153829397902e-01,1.587922423020548535e-01,1.538929261446171093e-01,1.467785291336514419e-01,1.437603832244029323e-01,1.431515795481757836e-01,1.441890964002674469e-01,1.461530970071563129e-01,1.482945458918323023e-01,1.465479975647582811e-01,1.389594293899384103e-01,1.318205766862372008e-01,1.290568582254522090e-01,1.297061850902705427e-01,1.309534977643755649e-01,1.281393009894197521e-01,1.227997684666517486e-01,1.163046352413348444e-01,1.104748201109506250e-01,1.071069640732564970e-01,1.038457300565353847e-01,1.034763739272284572e-01,1.049636327972076760e-01
0.000000000000000000e+00,1.142951032919404955e-03,3.496946042602498694e-03,6.247902859660643508e-03,9.248544884229719862e-03,1.252823023860895855e-02,1.586718722731559825e-02,1.898791667706540773e-02,2.216250641932027143e-02,2.496022603939530848e-02,2.746582279615128117e-02,3.013125223155247237e-02,3.238318802030259319e-02,3.429923876701003460e-02,3.634078308843344263e-02,3.812232895391019782e-02,4.024986574242845477e-02,4.267765231339583354e-02,4.538486444960349031e-02,4.837502857779028831e-02,5.158238497784554261e-02,5.409258179959408608e-02,5.705927403222018496e-02,6.056837486562792472e-02,6.476665408162525506e-02,6.960777908640072842e-02,7.388445456962561275e-02,7.955838433509172802e-02,8.734723666837992950e-02,9.749349193876677422e-02,1.085872384039847371e-01,1.246734635900582366e-01,1.401181973733674480e-01,1.421740070073846951e-01,1.394304347430942170e-01,1.363252167495378753e-01,1.296167756379162095e-01,1.217608265105971505e-01,1.149550842346380025e-01,1.108455305171012206e-01,1.069290428856888853e-01,1.051390430781299345e-01,1.032701755248003617e-01,1.042036052957287379e-01,1.069608078572375082e-01,1.093631512655162535e-01,1.148812032557505886e-01,1.218552556100645917e-01,1.270380477536307839e-01,1.342891957772588130e-01,1.422080359622778789e-01,1.484851925242421933e-01,1.518199039806515938e-01,1.528138559884038850e-01,1.526213408572351382e-01,1.484714630452765582e-01,1.422020311023800554e-01,1.372232888520287242e-01,1.316474707367323027e-01,1.300036851233197788e-01,1.293875479132692019e-01,1.274841319034661358e-01,1.267224665936070305e-01,1.248436630703363415e-01,1.242387172063637441e-01,1.226343958015967683e-01,1.242263320134120164e-01,1.288345028300963147e-01,1.332106925110616291e-01,1.317923804756167272e-01,1.287911614373051794e-01,1.269276355065203366e-01,1.223259150860829952e-01,1.177249438036784557e-01,1.166494832920882824e-01,1.188170327233899065e-01,1.223426104482041449e-01,1.226118913215802075e-01,1.218853305339686055e-01,1.222441323788754364e-01
0.000000000000000000e+00,9.789381053744313464e-04,3.113592716217563217e-03,5.876046167232783397e-03,8.964202647942932922e-03,1.200881991985843812e-02,1.496648915631843511e-02,1.776703745456293532e-02,2.039174939585438467e-02,2.282972756263122391e-02,2.512759679762268522e-02,2.765792663218335362e-02,2.986722795283744056e-02,3.182415175582129635e-02,3.409970480357214090e-02,3.662788170457812603e-02,3.932159499921643320e-02,4.149011236152359144e-02,4.389182983066402394e-02,4.575018101678453991e-02,4.791456319530646574e-02,4.952753817846821532e-02,5.151596394430484754e-02,5.286070524159024175e-02,5.372048869307598229e-02,5.510708278836844165e-02,5.600041926914652024e-02,5.745176481539040342e-02,5.827695005121256988e-02,5.854607139945861710e-02,5.835097076836384677e-02,5.779074484482979446e-02,5.704447964259420911e-02,5.723690220141215701e-02,5.814765267606331056e-02,5.854923432192215421e-02,5.859780306837334557e-02,5.949090086667448152e-02,6.117231138822816494e-02,6.364535809134289068e-02,6.698676067352246633e-02,7.115825756910598709e-02,7.527408947067387723e-02,8.092443575877042439e-02,8.885504424611447016e-02,9.932089554740745896e-02,1.108482949693382624e-01,1.273963569579857069e-01,1.421466249134678006e-01,1.466288490866377303e-01,1.488337630531204880e-01,1.497333654620283117e-01,1.464688119865666105e-01,1.408321777486088167e-01,1.362879375039776075e-01,1.290045541598520418e-01,1.224047452418515342e-01,1.198485059290337190e-01,1.191471965200680966e-01,1.179044627630889963e-01,1.182731753137076652e-01,1.179020290718100078e-01,1.206594479577268730e-01,1.265897507887908946e-01,1.353124652334763700e-01,1.412630546959751376e-01,1.414861297875460722e-01,1.397725181713658504e-01,1.357509716765037955e-01,1.350505825710668351e-01,1.368667833898973563e-01,1.375830304902567469e-01,1.354864536403553588e-01,1.336355973532121766e-01,1.282205009320448452e-01,1.228554383079112633e-01,1.212888322993904422e-01,1.230484201227512314e-01,1.280418045324915044e-01,1.330729309500345570e-01
0.000000000000000000e+00,9.789381053744313464e-04,3.258135347138822139e-03,6.177073701550330788e-03,9.250042081165329652e-03,1.226588294001185013e-02,1.516926505567520525e-02,1.792646879902593665e-02,2.058075267951856024e-02,2.340644327228169619e-02,2.592517820558378275e-02,2.815800601119791344e-02,3.017027810105632479e-02,3.245307098210990782e-02,3.437229449038355089e-02,3.600671699996137870e-02,3.801793561618670159e-02,4.034099573410559331e-02,4.288520351032344691e-02,4.482993164044824647e-02,4.623422938884094030e-02,4.717290430893281844e-02,4.772598138101413062e-02,4.797140251803152372e-02,4.802773343028506059e-02,4.874867613186233822e-02,4.918904814782503604e-02,5.029165723052420045e-02,5.190270939115969318e-02,5.296768117981852375e-02,5.353923002841873280e-02,5.369151566593110408e-02,5.357703700944402292e-02,5.425091579140462611e-02,5.562195341578272945e-02,5.753485724177775928e-02,5.878833717203212766e-02,5.948681704126659170e-02,6.038664836775014394e-02,6.191860522870318989e-02,6.276782173872295922e-02,6.299168070459500168e-02,6.282100046583294350e-02,6.359265018898534183e-02,6.526458343640731408e-02,6.786767444657038073e-02,7.151603782231340245e-02,7.602927624631218573e-02,8.012437525468431299e-02,8.602811015119947446e-02,9.454036977005267350e-02,1.055158428514318680e-01,1.171951513278950557e-01,1.297876580494147225e-01,1.375254782433487921e-01,1.405391681487563882e-01,1.358528724286127420e-01,1.283732349833892339e-01,1.217670099903104264e-01,1.192096107793785414e-01,1.199995953231492857e-01,1.221557163148648956e-01,1.212721641451835891e-01,1.195295173519420190e-01,1.193596295672145619e-01,1.186412027484479992e-01,1.192762541928634457e-01,1.189690020979926321e-01,1.217176665874149938e-01,1.275050717808788869e-01,1.358660044624643293e-01,1.448016968920804726e-01,1.511436948088588916e-01,1.537558798594197695e-01,1.539624189492327100e-01,1.532088843726225058e-01,1.522885937945954449e-01,1.493794970985695691e-01,1.453160170899174264e-01,1.410889689020766447e-01
0.000000000000000000e+00,9.789381053744313464e-04,3.258135347138822139e-03,6.252353604037454160e-03,9.480987033113520354e-03,1.259487675661412689e-02,1.555678031434160578e-02,1.834451552375391398e-02,2.100838014963794104e-02,2.389344232562531228e-02,2.687139860021812293e-02,2.943535442806395272e-02,3.170675687468768600e-02,3.422028633128958858e-02,3.690008720875949388e-02,3.971145394875953694e-02,4.194329898428751646e-02,4.407479798203020604e-02,4.569679259387606635e-02,4.772522641549519634e-02,5.014318616304598575e-02,5.286326682532055399e-02,5.482877233018016577e-02,5.619853961239005408e-02,5.817052266001074279e-02,6.061868723080764132e-02,6.227163575217148361e-02,6.316918101005386532e-02,6.339534465805611585e-02,6.305981882911984582e-02,6.234620166893149740e-02,6.188763746425377660e-02,6.106629772770324344e-02,5.997473654988066949e-02,5.878634766540836304e-02,5.864453997771647970e-02,5.930074977493342975e-02,5.956082012949505400e-02,6.019412019633153116e-02,6.038973882106711544e-02,6.083141280287304720e-02,6.092032957456759018e-02,6.189655783780668302e-02,6.372074602053241776e-02,6.622000002440073252e-02,6.815343170474115475e-02,7.108911170281913272e-02,7.522721857599967699e-02,8.096378788315639063e-02,8.833388396853344982e-02,9.596214395482224879e-02,1.058649078961032691e-01,1.159752240180230709e-01,1.269249604877046578e-01,1.313381574929783635e-01,1.323631018866973652e-01,1.351873982140333053e-01,1.362431089018177610e-01,1.318104447876990715e-01,1.268827945488703313e-01,1.256991902561652996e-01,1.276507513374129377e-01,1.299911700704762252e-01,1.279271590227828992e-01,1.230159313575803215e-01,1.181700733404329462e-01,1.154940915307391680e-01,1.126209113076742929e-01,1.129356784268094188e-01,1.149392524042762015e-01,1.147424508912655017e-01,1.138894384464119031e-01,1.145470805485799132e-01,1.144857662979774510e-01,1.174391963044350562e-01,1.235831906476470843e-01,1.301135087245352262e-01,1.331602555664103127e-01,1.344083964721620172e-01,1.304494782034338884e-01
0.000000000000000000e+00,1.142951032919404955e-03,3.496946042602498694e-03,6.373126213284408155e-03,9.624937670285063640e-03,1.295718956795282283e-02,1.606206983713345110e-02,1.900867443650173377e-02,2.205533089337848723e-02,2.476119842354108230e-02,2.719552594445052984e-02,2.977380255909049464e-02,3.253955563182373001e-02,3.540874426946062636e-02,3.777245408691919104e-02,4.036658492665331360e-02,4.312012077901359458e-02,4.525301088004132083e-02,4.725544414664362147e-02,4.865845624126064611e-02,4.961113921941790600e-02,5.111548462378631696e-02,5.313438769017694158e-02,5.555532979984219299e-02,5.724428070643779870e-02,5.824634933845929813e-02,5.864336153129182799e-02,5.864593457473580435e-02,5.935888630147123646e-02,5.956988207230735910e-02,5.975347584327819067e-02,6.074026942342493351e-02,6.211177332159231040e-02,6.430590229237810596e-02,6.738636903635847331e-02,7.151853432300886437e-02,7.662684281092868588e-02,8.088211060131683672e-02,8.463241113459879505e-02,9.032806364152505540e-02,9.780347645518590316e-02,1.053522375422076135e-01,1.166629247800469865e-01,1.323399607816663770e-01,1.483602345940548684e-01,1.518826694071056527e-01,1.443780036430474534e-01,1.352520294678044022e-01,1.283685912911792515e-01,1.257598555171351162e-01,1.246465011042682813e-01,1.210155775021752034e-01,1.158282087998403209e-01,1.109613401517792058e-01,1.083578742506303150e-01,1.057181659399346468e-01,1.060062874376359182e-01,1.081160834042061702e-01,1.098415476008360592e-01,1.131214221240011558e-01,1.140584788637325347e-01,1.141383898532307845e-01,1.171446275946377152e-01,1.232508845366016847e-01,1.323577687448669604e-01,1.393323565299606770e-01,1.406086571445152589e-01,1.427210732382059588e-01,1.451669316379128050e-01,1.440392844674606154e-01,1.397940700852026985e-01,1.361088553896068754e-01,1.293045233983026177e-01,1.230033982069425463e-01,1.207004216905475102e-01,1.218150595553675053e-01,1.262669911235484721e-01,1.312041365654473546e-01,1.332909197266241574e-01,1.344910772659176634e-01
0.000000000000000000e+00,9.789381053744313464e-04,3.113592716217563217e-03,5.749046094141875562e-03,8.583156990275073520e-03,1.155752247532616794e-02,1.478230909584179673e-02,1.814104055606647128e-02,2.156602709337237384e-02,2.501860698081874446e-02,2.846484369172790421e-02,3.172368725149084245e-02,3.439983771643526089e-02,3.657106505661813362e-02,3.849515488261523455e-02,4.067815992694420041e-02,4.234831338516034660e-02,4.362228632035408671e-02,4.529598475470313079e-02,4.649542035649504440e-02,4.749164323461482762e-02,4.896185854901114604e-02,4.993227085510192065e-02,5.053417143577677850e-02,5.176850599776194189e-02,5.357652286725573393e-02,5.593836137606719716e-02,5.874099825936759944e-02,6.075442923693157721e-02,6.215471297825338193e-02,6.413375503557178225e-02,6.532195192319581456e-02,6.596341192294437328e-02,6.732870476794336478e-02,6.815829387638003278e-02,6.980690531810684885e-02,7.098409598068884663e-02,7.138193953612813336e-02,7.107735525767629181e-02,7.040118565752695456e-02,7.092351321459479385e-02,7.235179705946521989e-02,7.302730564418624670e-02,7.314595404248996902e-02,7.362488600201527733e-02,7.339779545825127205e-02,7.255162562038709739e-02,7.120334561435590071e-02,6.947934432877680977e-02,6.750114641833913909e-02,6.550709405685375963e-02,6.466961091645193060e-02,6.357872177597206909e-02,6.273265652608478460e-02,6.296076921566749751e-02,6.401142663454688353e-02,6.463641442731118958e-02,6.621635822657941095e-02,6.877797318131406712e-02,7.245077068459074288e-02,7.711969573135028788e-02,8.103536059319189910e-02,8.437719143303790137e-02,8.655846699575839298e-02,8.753475081641201583e-02,8.737954071811508683e-02,8.625190526846540640e-02,8.435279530321790342e-02,8.188849634067438266e-02,7.936036316465067131e-02,7.853842853358515563e-02,7.894509729367926720e-02,7.901360754243905160e-02,8.062491186695150414e-02,8.393130365265254189e-02,8.868690155701028366e-02,9.329103142579435459e-02,1.006718323177085983e-01,1.121214609271573848e-01,1.291328093383106168e-01
0.000000000000000000e+00,9.789381053744313464e-04,3.258135347138822139e-03,6.126469893276999951e-03,9.095848038058075916e-03,1.214292574868462878e-02,1.540788543885224932e-02,1.878715985805770594e-02,2.215682872034835729e-02,2.515789985429039977e-02,2.821031186207399385e-02,3.084140081017875193e-02,3.359096863551547241e-02,3.588258419939099886e-02,3.836115842687346650e-02,4.035611868053348705e-02,4.265755793495051157e-02,4.518290811825970837e-02,4.706723264559174724e-02,4.844283958950224706e-02,5.029161038411106288e-02,5.250604481612246299e-02,5.403846281910720806e-02,5.495084315490150750e-02,5.533050430760244609e-02,5.536139984087740107e-02,5.607464531352769621e-02,5.640208001291559942e-02,5.749163904093080452e-02,5.917173997394245544e-02,6.032903066834339328e-02,6.209333516975778372e-02,6.314416047552616484e-02,6.357200178880982600e-02,6.375025449164245517e-02,6.348036815045561554e-02,6.352371880305823781e-02,6.308070084808858891e-02,6.236829030285302028e-02,6.267346271771123689e-02,6.375553700795576206e-02,6.438635586734280103e-02,6.595056461422986460e-02,6.825106435907402069e-02,7.000449149855612896e-02,7.254541398289733600e-02,7.421043571528242178e-02,7.531087657398560786e-02,7.768900197888424508e-02,8.156357546629122712e-02,8.739621186768810335e-02,9.514610545674016817e-02,1.032478913667726761e-01,1.154407540100817892e-01,1.326698138732462784e-01,1.501709919264717918e-01,1.579108844821650870e-01,1.581250611836791387e-01,1.561904600624532402e-01,1.540869737897001823e-01,1.524036321458210330e-01,1.512871732012838755e-01,1.507035142949979256e-01,1.505316726926625159e-01,1.472128023677338748e-01,1.388829925127963716e-01,1.313203013168647848e-01,1.282399463573456744e-01,1.286769704760535871e-01,1.322423468110223987e-01,1.354736860071044657e-01,1.330185184043542745e-01,1.272402917666687616e-01,1.201207657443266880e-01,1.136108210254725553e-01,1.102657711622599956e-01,1.101179758762388800e-01,1.131877906797599809e-01,1.180867058684375581e-01,1.201379207472006161e-01
0.000000000000000000e+00,9.789381053744313464e-04,3.113592716217563217e-03,5.749046094141875562e-03,8.583156990275073520e-03,1.145997552709084912e-02,1.437636386369209145e-02,1.744638783909157817e-02,2.033945199276826141e-02,2.334241002130175990e-02,2.604580339288976865e-02,2.887259226426613923e-02,3.127551978277948869e-02,3.334246785470026953e-02,3.565004390875186474e-02,3.751842347272402872e-02,3.904339935647927612e-02,4.096316272897818078e-02,4.322237635858265647e-02,4.573087182781711280e-02,4.760453943407292471e-02,4.890281091200622543e-02,4.977086599086242430e-02,5.113533643142172125e-02,5.204968603124133369e-02,5.348083835789962937e-02,5.434703428268296971e-02,5.471876243550385932e-02,5.468163907593075190e-02,5.432450142804410437e-02,5.373140885982874426e-02,5.303507074834244023e-02,5.317447116137722501e-02,5.309135038687595731e-02,5.373546306955128554e-02,5.398693760253669982e-02,5.390051781996202385e-02,5.360733307287781496e-02,5.407209011432261014e-02,5.423800650762301140e-02,5.517119520886867856e-02,5.669699263632170527e-02,5.773984640744563718e-02,5.936991457917466936e-02,6.047412874726827703e-02,6.234287159064274414e-02,6.481863688472178087e-02,6.669929834019450166e-02,6.950844762668240140e-02,7.341873621171415842e-02,7.876901231392328950e-02,8.556297731144606178e-02,9.160098923101871182e-02,9.737537272557295065e-02,1.047941906323875683e-01,1.101874419662999816e-01,1.127487858149560790e-01,1.125006221840574305e-01,1.100842212982739848e-01,1.062572884493982045e-01,1.024959550036610018e-01,1.015260230031330008e-01,1.026058558892684602e-01,1.034529964774552613e-01,1.038864026495194409e-01,1.058855093421479099e-01,1.073737643499994010e-01,1.103386179742767842e-01,1.125779844093923315e-01,1.160527739327940067e-01,1.183830881419798142e-01,1.235559993002566109e-01,1.314521044308441799e-01,1.408176744405620906e-01,1.448865233748310166e-01,1.398997989693893940e-01,1.341199450713556063e-01,1.323055567013501355e-01,1.334570479791566677e-01,1.369909838116382395e-01
0.000000000000000000e+00,1.142951032919404955e-03,3.496946042602498694e-03,6.373126213284408155e-03,9.632627354100881806e-03,1.298580466682579780e-02,1.618588283427211880e-02,1.943633106930196808e-02,2.240724255623102734e-02,2.550530380002266270e-02,2.863489690705344620e-02,3.131946649841593766e-02,3.415849830698169942e-02,3.708161108024264629e-02,3.940694305629826449e-02,4.125058862660232334e-02,4.337212073129876472e-02,4.500019187479167848e-02,4.696717862181343239e-02,4.836146419234033794e-02,4.925540118913718235e-02,4.973154948290720717e-02,4.993101557926648421e-02,5.082540590535850056e-02,5.232815981889580442e-02,5.439388072604403601e-02,5.701834957948254817e-02,6.009412767663471072e-02,6.252181535723859429e-02,6.548779592054439214e-02,6.780515404953883773e-02,7.094756415022776541e-02,7.414099503390603196e-02,7.673667418715471311e-02,8.025193821075951583e-02,8.324543774153153608e-02,8.802831269480419774e-02,9.439836339775478646e-02,1.007108673983949099e-01,1.088477321816858495e-01,1.146155219254550300e-01,1.173646639990372081e-01,1.175530246360036030e-01,1.153685545137108359e-01,1.120591799210139961e-01,1.086302183733894450e-01,1.082204130637306472e-01,1.094830014260138734e-01,1.102351551761411447e-01,1.124986576731563243e-01,1.140189624497258553e-01,1.168031666440828564e-01,1.184883074354399352e-01,1.210904318554404391e-01,1.203508184392554220e-01,1.170632366978638095e-01,1.135482095820729287e-01,1.119404097439196250e-01,1.100012402063692968e-01,1.103190200278424821e-01,1.102794232950493752e-01,1.097507282288933544e-01,1.121572729917013900e-01,1.177850738628714727e-01,1.269869928699918216e-01,1.357378954320517250e-01,1.362590683749041465e-01,1.313697015328086914e-01,1.243128158773896402e-01,1.166375801275752466e-01,1.089940639939708938e-01,1.023863237548926358e-01,9.889536578609546547e-02,9.775435561359108183e-02,9.846683068120232196e-02,9.822468012052670838e-02,9.772991283456156086e-02,9.971082861882481219e-02,1.034195515547993993e-01,1.068085687318889171e-01
0.000000000000000000e+00,9.789381053744313464e-04,3.258135347138822139e-03,6.126469893276999951e-03,9.095848038058075916e-03,1.204712294780386876e-02,1.491235824814554807e-02,1.764993777964249735e-02,2.023348649917958153e-02,2.270433250743237111e-02,2.541573056410724799e-02,2.813340846197805861e-02,3.077011187050329027e-02,3.353634566750319373e-02,3.580563593600467887e-02,3.763300564478849752e-02,3.907775152734196955e-02,4.019856944263224680e-02,4.108872622682358672e-02,4.250838228479471292e-02,4.432234029714725992e-02,4.565933090678001016e-02,4.657517159203470453e-02,4.716574602643276021e-02,4.801043116315461406e-02,4.920572172149390022e-02,4.995788272124744578e-02,5.032975349191743525e-02,5.039166415922186754e-02,5.021319448467982671e-02,4.990643201598247980e-02,5.040387433012459562e-02,5.151637366841860938e-02,5.218604162215453868e-02,5.246369561627327316e-02,5.241547375002954950e-02,5.217101439005601693e-02,5.273191748405937213e-02,5.391100824594802915e-02,5.467711006180795558e-02,5.603277630752125094e-02,5.681954672474245904e-02,5.709622831129946424e-02,5.694435020806622172e-02,5.653802055570588542e-02,5.691393910879643386e-02,5.687672273640818899e-02,5.653725872756076853e-02,5.652967715435752022e-02,5.735029645942852500e-02,5.890680990837006414e-02,6.086600116095286506e-02,6.224414487252170891e-02,6.411082655077271486e-02,6.676198391504156726e-02,7.039318534067355582e-02,7.489807532010482605e-02,7.870406137046240258e-02,8.239519106516372815e-02,8.554692429403734644e-02,9.060941672682536197e-02,9.836089815883423959e-02,1.085959112374339230e-01,1.169065228689403074e-01,1.212255535533501571e-01,1.212139339375773450e-01,1.198547780307741423e-01,1.214418541744631541e-01,1.237039765427144361e-01,1.242853731487953139e-01,1.276234905887821958e-01,1.307861082671256669e-01,1.312591489906435871e-01,1.315291086144125821e-01,1.275952282754852507e-01,1.232247914823080132e-01,1.207433669481322441e-01,1.163853195753411923e-01,1.121284254407761000e-01,1.100040196661979247e-01
0.000000000000000000e+00,9.789381053744313464e-04,3.248187425910011722e-03,6.100343458168049765e-03,9.060236810195888835e-03,1.200624210247690053e-02,1.486900828933023638e-02,1.760603727678497488e-02,2.025536427337838383e-02,2.308099085362114167e-02,2.565987616681892833e-02,2.839669321057835052e-02,3.074368181497839567e-02,3.273974208721092821e-02,3.442488170223970134e-02,3.587584216021105082e-02,3.774292366543785526e-02,3.990513848253268020e-02,4.159247793013993999e-02,4.285920259955593864e-02,4.381153473864221604e-02,4.523562846218882189e-02,4.623583106901348744e-02,4.687316367516045079e-02,4.721269052752934819e-02,4.736226788221525180e-02,4.816014050491429499e-02,4.862245763659932274e-02,4.880322095677352978e-02,4.878382049183960234e-02,4.903819303591797768e-02,4.910366412771739048e-02,4.984788841526856945e-02,5.024461078725929453e-02,5.034551384614343456e-02,5.020886207703474657e-02,4.989211348109216099e-02,4.944756664388744172e-02,4.896056820905644869e-02,4.927239513576429225e-02,4.934840060816004376e-02,4.924673633215678054e-02,4.933536828284630638e-02,4.927081840675773261e-02,4.996914353653035545e-02,5.131572463235788140e-02,5.316144812676637521e-02,5.450553421186623421e-02,5.635269762337403315e-02,5.754331185651033465e-02,5.814947163723339918e-02,5.852387097587127829e-02,5.968238882982239424e-02,6.144928986183630787e-02,6.267264376714630492e-02,6.453453287956736895e-02,6.564221603793397863e-02,6.622694215125352057e-02,6.776718610733066528e-02,7.030924275642765064e-02,7.400391238283320072e-02,7.872947216054010378e-02,8.256984802999169093e-02,8.590171950446165439e-02,9.045422129965324798e-02,9.461655426570836358e-02,1.002621067909801184e-01,1.055233346200451783e-01,1.139332354978242895e-01,1.237200627090703220e-01,1.281952905256825426e-01,1.271194248703293173e-01,1.245993181174741560e-01,1.232430551172562505e-01,1.201135767848326569e-01,1.169319007545899791e-01,1.135470206896826428e-01,1.133898756051016504e-01,1.148716395844135568e-01,1.143024839021139216e-01
0.000000000000000000e+00,1.006707106334212834e-03,3.178188228688051328e-03,5.959569646448436078e-03,9.058091765417355251e-03,1.209641875232952274e-02,1.503690115328487793e-02,1.795612932033800388e-02,2.105935770664774109e-02,2.421432353488296371e-02,2.701208402153984847e-02,2.995427413040373937e-02,3.300664548145342686e-02,3.612419873446917618e-02,3.894122379404676981e-02,4.192070457587206839e-02,4.500980588547714295e-02,4.735870992538747382e-02,4.910770460908371604e-02,5.118927100083545817e-02,5.265980917103855324e-02,5.429955911895632120e-02,5.637357053773586757e-02,5.773427783441937439e-02,5.856464883852594699e-02,5.997947078345804151e-02,6.072951088037438494e-02,6.102128558642881673e-02,6.201128813774042792e-02,6.238444480212537030e-02,6.235334044827217648e-02,6.309252100193966928e-02,6.324891378779608220e-02,6.289723103726131692e-02,6.225800428402045172e-02,6.248810897814498916e-02,6.224908215024291258e-02,6.169000498594894022e-02,6.090556918536338404e-02,6.101244295812304624e-02,6.069730151494233394e-02,6.013271999436854698e-02,6.053287960912290960e-02,6.172360724754247935e-02,6.280789338889719575e-02,6.342514155800799136e-02,6.476559499076386950e-02,6.542496351845940306e-02,6.545665019886869052e-02,6.495107864668980824e-02,6.401626555604580937e-02,6.288624961521437073e-02,6.284497338472826156e-02,6.377575675539937095e-02,6.561857270850568469e-02,6.827245262963696493e-02,7.202023586536292210e-02,7.675447099133972384e-02,8.111868320501479379e-02,8.675117234779261555e-02,9.137582460062723677e-02,9.552818909313352813e-02,1.022548888694115865e-01,1.109312230656097908e-01,1.190266162157671143e-01,1.273261384215234604e-01,1.306847918772784389e-01,1.330343162750610153e-01,1.368983845427543256e-01,1.383717584037862380e-01,1.337619591614253867e-01,1.286105059518910243e-01,1.272668507837377283e-01,1.290399468125593141e-01,1.310600126529352927e-01,1.308348087143874350e-01,1.308169542763239490e-01,1.290072591437253224e-01,1.302348992080070988e-01,1.340382741467317784e-01
0.000000000000000000e+00,1.142951032919404955e-03,3.496946042602498694e-03,6.373126213284408155e-03,9.632627354100881806e-03,1.298580466682579780e-02,1.617914871540757082e-02,1.939898645629718060e-02,2.228604122331144521e-02,2.486566373991636394e-02,2.716163023742606056e-02,2.924177462046634660e-02,3.162200000340958245e-02,3.423197353566693329e-02,3.702958103280556273e-02,3.995179228428074464e-02,4.242130331549181371e-02,4.509941610779271554e-02,4.740088632228173920e-02,4.904807126118261584e-02,5.012062791777340681e-02,5.078001085907699746e-02,5.205093955477971268e-02,5.388393702220340559e-02,5.626633051942622754e-02,5.922759397096213213e-02,6.266955555402570210e-02,6.524502436416501627e-02,6.715694709306441190e-02,6.997550683977718511e-02,7.388597807223530600e-02,7.878409295312967242e-02,8.328535432517568393e-02,8.976651765678941852e-02,9.823989501185995121e-02,1.056205804128857589e-01,1.117087336534528935e-01,1.189585641941296595e-01,1.289895871697897822e-01,1.369757772836779630e-01,1.391795760151084416e-01,1.387753922742502866e-01,1.355343500518832456e-01,1.328189014112869937e-01,1.289306717704644112e-01,1.265058586783263106e-01,1.216409024446768045e-01,1.168817908922977350e-01,1.156546364996271781e-01,1.176857673279665117e-01,1.231083290848707795e-01,1.293437280596597405e-01,1.302280837131795377e-01,1.267789350271077697e-01,1.227603123843129113e-01,1.222462734143831969e-01,1.248543696735015252e-01,1.304221207554651651e-01,1.382296127706700017e-01,1.461470093329587105e-01,1.493867448804888642e-01,1.449746909312219223e-01,1.389881747941871248e-01,1.369121458865175667e-01,1.376002316663246794e-01,1.375093178402511107e-01,1.349552963655689664e-01,1.353752625741596605e-01,1.354043615420999769e-01,1.331841754809408584e-01,1.315572933658913091e-01,1.265963182799272058e-01,1.216005415575559939e-01,1.203045094851158126e-01,1.205755885853505016e-01,1.200195409714460426e-01,1.226182343129636337e-01,1.283209730035464458e-01,1.365987814311610260e-01,1.453661119140007563e-01
0.000000000000000000e+00,9.789381053744313464e-04,3.154589431327290468e-03,5.982302201823070514e-03,9.109731554774834830e-03,1.216591797172030150e-02,1.509966614542280691e-02,1.787983907300312938e-02,2.048713757158122581e-02,2.291023216233754531e-02,2.519518429530389486e-02,2.772246450426091302e-02,3.004361486301885056e-02,3.256679835132073042e-02,3.466867089317667017e-02,3.639516861464979491e-02,3.779488418798010452e-02,3.895232949222508789e-02,4.053204989695492061e-02,4.174690616382382286e-02,4.268739580722075849e-02,4.410792965416166639e-02,4.517864280708148994e-02,4.671101051086171824e-02,4.777777109583421916e-02,4.849456523596107349e-02,4.974484019792405065e-02,5.059394753508583004e-02,5.196946640086543695e-02,5.282139871064951003e-02,5.321514191580695857e-02,5.322995585099020432e-02,5.294781363475839497e-02,5.244606326650679690e-02,5.179320338071509433e-02,5.104697788889177995e-02,5.025490223544085144e-02,4.947014143605369535e-02,4.871141117816742139e-02,4.833816741226256569e-02,4.791110269465838345e-02,4.745052983360606436e-02,4.697491802405756589e-02,4.649979535536823139e-02,4.603740947576043935e-02,4.562483240054956979e-02,4.601298675306479680e-02,4.622700823981827634e-02,4.632667046370109870e-02,4.710653095273513447e-02,4.759324303174541221e-02,4.782653429627786029e-02,4.789595063010583520e-02,4.869089849419111493e-02,5.003986633376588528e-02,5.098918758604651519e-02,5.246532615769814584e-02,5.340242855313376974e-02,5.385921242806567671e-02,5.391290574927092710e-02,5.364657772263758950e-02,5.320369978258066707e-02,5.354014636372645547e-02,5.353775291756386612e-02,5.328773211206199595e-02,5.328577783439020221e-02,5.301604431203293943e-02,5.253874991635534147e-02,5.191233016072887424e-02,5.118912619947985077e-02,5.044002025215429952e-02,5.023882601639487883e-02,5.025477712557311488e-02,5.103670231090848969e-02,5.247607274797203014e-02,5.451232231113146282e-02,5.713144771902228802e-02,6.022122504381537123e-02,6.250143805693415822e-02,6.413799205732094444e-02
0.000000000000000000e+00,9.789381053744313464e-04,3.113592716217563217e-03,5.749046094141875562e-03,8.583156990275073520e-03,1.155752247532616794e-02,1.469720634123904482e-02,1.763365852594496810e-02,2.035875395098628304e-02,2.286934530448490183e-02,2.516637050272393580e-02,2.729211166408329267e-02,2.958677031069744529e-02,3.161819360118107991e-02,3.395407426752295593e-02,3.648739752747483939e-02,3.852640287095648181e-02,4.016325601579893295e-02,4.208391574579437022e-02,4.431175651202198112e-02,4.629880513272061071e-02,4.866113952941818199e-02,5.139934196998852123e-02,5.452947544508447014e-02,5.783939647539347584e-02,6.028823678733194469e-02,6.189356178530600744e-02,6.288967199940469210e-02,6.449666055155053868e-02,6.552728112574165986e-02,6.745507219922988740e-02,7.035875660939920617e-02,7.442656501455849338e-02,7.996690515585606895e-02,8.739434933896343682e-02,9.715934716358778922e-02,1.063158094675588500e-01,1.151794177124269708e-01,1.267944812018563516e-01,1.355987178253837133e-01,1.354216571597514907e-01,1.326038871343610259e-01,1.303535832645943138e-01,1.269177315751111312e-01,1.248891339823335334e-01,1.204117249088843961e-01,1.159591791143239486e-01,1.149562758794400036e-01,1.156619587521846015e-01,1.143055435082361709e-01,1.125024690188543841e-01,1.126068107108564725e-01,1.127165568527583872e-01,1.158702256606771314e-01,1.203786502947898213e-01,1.215054077003371868e-01,1.194892113506442893e-01,1.168479389567098625e-01,1.158573668991588895e-01,1.135464623587477961e-01,1.124544554852975886e-01,1.130010442009782290e-01,1.129535398654373246e-01,1.159300707457183582e-01,1.221710866236321857e-01,1.290694724494948487e-01,1.303138214653550009e-01,1.292153274247410666e-01,1.308650945550667577e-01,1.347780225953583710e-01,1.401601918437274663e-01,1.455993283903166402e-01,1.496183557753814064e-01,1.480017533278229769e-01,1.429064188024725401e-01,1.383908406384287970e-01,1.308462704677557931e-01,1.224535894389780499e-01,1.152432849116052510e-01,1.119237916224571638e-01
0.000000000000000000e+00,1.142951032919404955e-03,3.496946042602498694e-03,6.373126213284408155e-03,9.524085920991895438e-03,1.258464367839340348e-02,1.551026999309384688e-02,1.834608501056522040e-02,2.131992465444640730e-02,2.399061284934901617e-02,2.642818731947860905e-02,2.909890039825563032e-02,3.189501820912862828e-02,3.426310555090949367e-02,3.680839414783997759e-02,3.888646490532410988e-02,4.120139781883917079e-02,4.297208998108284494e-02,4.426559944678806063e-02,4.520534021187068430e-02,4.661567766342880614e-02,4.759084788831607904e-02,4.823203845871881779e-02,4.941731492007326448e-02,5.015378976738355671e-02,5.050703669285142722e-02,5.060675599399128838e-02,5.136763619775163575e-02,5.173718133935899244e-02,5.177785667146243137e-02,5.160321931842388327e-02,5.196187528589301524e-02,5.200395417868500930e-02,5.184597203676072352e-02,5.247930521495611234e-02,5.372035642397800931e-02,5.454221903772145386e-02,5.594458464196797043e-02,5.677174310301917604e-02,5.718081595287989594e-02,5.834984976585501359e-02,6.010866318834320182e-02,6.119647856524158824e-02,6.185948480326142890e-02,6.335361422122351427e-02,6.569199783112342206e-02,6.871877455648368882e-02,7.116590655802812471e-02,7.474728435125678472e-02,7.932781785905171357e-02,8.350965928144332695e-02,8.898216155794359816e-02,9.420638479530961396e-02,1.022509213842098114e-01,1.126340336894122440e-01,1.202857460683454394e-01,1.232685636630367620e-01,1.240134931175806282e-01,1.250040876268336820e-01,1.242656948076122925e-01,1.243008927626008120e-01,1.230147081647266077e-01,1.228273394287843628e-01,1.198313412799140998e-01,1.150747304878540905e-01,1.094242514892956597e-01,1.034322595813293860e-01,9.805772636474725801e-02,9.551310427024933825e-02,9.481452198675321963e-02,9.337562273840328830e-02,9.123893924103534947e-02,8.902218869233488596e-02,8.838410666696182305e-02,8.704330965405326914e-02,8.507962232628631105e-02,8.262222055413161181e-02,7.981462997561326878e-02,7.694401518363633286e-02,7.486413951015487289e-02
0.000000000000000000e+00,9.789381053744313464e-04,3.113592716217563217e-03,5.749046094141875562e-03,8.679330716749407079e-03,1.179761445536440037e-02,1.486887691377801815e-02,1.804207637739201064e-02,2.099333432779794395e-02,2.406942192018353757e-02,2.702963869628575988e-02,2.956834185515176683e-02,3.177444123003268783e-02,3.419303598253805448e-02,3.621726519504427089e-02,3.848863133543400927e-02,4.027541079813012209e-02,4.163810083985061694e-02,4.264117276961898462e-02,4.338168421739412028e-02,4.450197283573233131e-02,4.532228236286575673e-02,4.665241922551534304e-02,4.755994676820213263e-02,4.810293683469520076e-02,4.839629596690699087e-02,4.930822285767855889e-02,4.983609457772898710e-02,5.009482651257075175e-02,5.098747653020448134e-02,5.147221686106340927e-02,5.160949984170300209e-02,5.146720519554730949e-02,5.111233314711751546e-02,5.060600355703919612e-02,5.000090148066652779e-02,4.934041228551083041e-02,4.869536876026984290e-02,4.893144792854937919e-02,4.989030068787871780e-02,5.140268941528162300e-02,5.241373306964455803e-02,5.303804925776698515e-02,5.424918745066294873e-02,5.493576638469708368e-02,5.516209683679418330e-02,5.500853995160580323e-02,5.455931375598668809e-02,5.394337900286397952e-02,5.391025768466530671e-02,5.367107949855857985e-02,5.418754433091436257e-02,5.434663535040443888e-02,5.446020298688068056e-02,5.432412297364625636e-02,5.492184614881862048e-02,5.510780369742655782e-02,5.501850560096845089e-02,5.565594887386460243e-02,5.594329434646663768e-02,5.690560262409055658e-02,5.735531297533705275e-02,5.735415481159470558e-02,5.698222516032224599e-02,5.640451981691145533e-02,5.673169159452354227e-02,5.785333714751701023e-02,5.971564836627686612e-02,6.216473850528999451e-02,6.403565991138417124e-02,6.653457687887308347e-02,6.826799908495176372e-02,6.985927910373436467e-02,7.249925409453863989e-02,7.600687092621306873e-02,7.858299772204078992e-02,8.014208928317685665e-02,8.112728482004796793e-02,8.364128379445925909e-02,8.798617156448736154e-02
0.000000000000000000e+00,9.789381053744313464e-04,3.113592716217563217e-03,5.876046167232783397e-03,9.037041533369106691e-03,1.225902832086759285e-02,1.538823593504109674e-02,1.859646468219667420e-02,2.149449348691432130e-02,2.410168843185387169e-02,2.643694549851499306e-02,2.851914497609820548e-02,3.036722406343550854e-02,3.200006181742611616e-02,3.347313603148094341e-02,3.533490519797062579e-02,3.695136045388747181e-02,3.891353262987960748e-02,4.046226511872224457e-02,4.164689672298782508e-02,4.252153974264044622e-02,4.317877570988454955e-02,4.441930660725138674e-02,4.609903974984996128e-02,4.735777931164491389e-02,4.905592199151537214e-02,5.028573093941899469e-02,5.197438710964979308e-02,5.316226819984653379e-02,5.483928227107595643e-02,5.589154442745886131e-02,5.648486700967738500e-02,5.779195849452245515e-02,5.965614739631091429e-02,6.098468320383859664e-02,6.307083360726055410e-02,6.576416023366912778e-02,6.785148682993097369e-02,7.063303724150048202e-02,7.281636715705464002e-02,7.581862596664187826e-02,7.786214619711520624e-02,7.924823839866095010e-02,8.172727085647650547e-02,8.533596356160995378e-02,8.852256606257993821e-02,9.304831517042561062e-02,9.631056154223226196e-02,9.804913512657716101e-02,9.916086199164426962e-02,1.026792153103015248e-01,1.077621072085747922e-01,1.111800035664360226e-01,1.131682312997834144e-01,1.126045707946169289e-01,1.113372389058793627e-01,1.115602507470390137e-01,1.101031770458733017e-01,1.088595461092963096e-01,1.092426206316622905e-01,1.091131556555914595e-01,1.118866956957490499e-01,1.161745598870558421e-01,1.176630890867154111e-01,1.163632747679819029e-01,1.130097930602535078e-01,1.095381056897948568e-01,1.079939673596444355e-01,1.061901315415454683e-01,1.072415370913533672e-01,1.113349734324431545e-01,1.190030575424991660e-01,1.306180643174851830e-01,1.405185688525443510e-01,1.433236215686975457e-01,1.457668459992119692e-01,1.442293870264026723e-01,1.397029624096284839e-01,1.358496510893213993e-01,1.289699912792113823e-01
0.000000000000000000e+00,9.789381053744313464e-04,3.113592716217563217e-03,5.749046094141875562e-03,8.694502814762800416e-03,1.185125968506551934e-02,1.494747661622565851e-02,1.813746583104804480e-02,2.103359946289727264e-02,2.365099518144819779e-02,2.600513695768733036e-02,2.811216697362357853e-02,2.998884058704013450e-02,3.165231947621247738e-02,3.315704544978061857e-02,3.504250981526090686e-02,3.664732923717720775e-02,3.860032550799538664e-02,4.015244270720450676e-02,4.143758236807709022e-02,4.254710305136019666e-02,4.334706846257159463e-02,4.389131907746992439e-02,4.424940776302672268e-02,4.483064444869439003e-02,4.522752374068661485e-02,4.627374037102630067e-02,4.786716406367177296e-02,4.987763192406764745e-02,5.137866155196607609e-02,5.340534913676201617e-02,5.595387519728269032e-02,5.892079075781711528e-02,6.109625751143326483e-02,6.265617101416277868e-02,6.362721933351296599e-02,6.523718344536914848e-02,6.608451512954703622e-02,6.642544256989244000e-02,6.753541411160481067e-02,6.793436424396925855e-02,6.789002665359125666e-02,6.869718168902877453e-02,6.883261818000772914e-02,6.845658646316081508e-02,6.839357650215438511e-02,6.943417929096817875e-02,7.158516003036358155e-02,7.496673871413377099e-02,7.942713525408637287e-02,8.354494897452971469e-02,8.971314531318841379e-02,9.786575459481605677e-02,1.049630365605471599e-01,1.115181452579039750e-01,1.212439817076668702e-01,1.330198561121636036e-01,1.431257506495549892e-01,1.499618722057646236e-01,1.527642335363117720e-01,1.493092003373081289e-01,1.403435181933089804e-01,1.325268389523728274e-01,1.293240178534738882e-01,1.292197206251073371e-01,1.313838778289171672e-01,1.361437992321596069e-01,1.392439595575365452e-01,1.356790310638277541e-01,1.310135548211570911e-01,1.300118465513423194e-01,1.319806892410035626e-01,1.363944937086184195e-01,1.422052826099052536e-01,1.441284126368201080e-01,1.415086629401217100e-01,1.384279853871944743e-01,1.315792322083441934e-01,1.235016065228805443e-01,1.165023800735412868e-01
0.000000000000000000e+00,9.789381053744313464e-04,3.113592716217563217e-03,5.876046167232783397e-03,9.074655877565365042e-03,1.239468914241547912e-02,1.550535146637413951e-02,1.847165323367233256e-02,2.160185732123473534e-02,2.477214407740334010e-02,2.751619423468882816e-02,2.987668577946172091e-02,3.193917585440336770e-02,3.424935441906116346e-02,3.622702210144977675e-02,3.846380389900886515e-02,4.022588243687255649e-02,4.161623261575391614e-02,4.338442364888218938e-02,4.473626283348627886e-02,4.654325840533025949e-02,4.869576792962559270e-02,5.030828790756347590e-02,5.231544557589368205e-02,5.376493409646769528e-02,5.566606291188531952e-02,5.700043070073379514e-02,5.884458629004214736e-02,6.011618088195438969e-02,6.211279274659203126e-02,6.488009952709064554e-02,6.853854617496674129e-02,7.332811718810158808e-02,7.970145107874213042e-02,8.852826530117230419e-02,1.015537999224806198e-01,1.195269042096608753e-01,1.340646615986794687e-01,1.414006928681582342e-01,1.463850263454372913e-01,1.490799875687635057e-01,1.502298382938763444e-01,1.505719499414772122e-01,1.505901095542524770e-01,1.505431954030874153e-01,1.505422624287991451e-01,1.471701159517913027e-01,1.387860009770903180e-01,1.312146666780036330e-01,1.281315536305136782e-01,1.285577927824126110e-01,1.321062145887421935e-01,1.353343537165594967e-01,1.329008226428407546e-01,1.271492226213144505e-01,1.200522658355412248e-01,1.137612276343036577e-01,1.111350411219318712e-01,1.112722904010964436e-01,1.133414873568906744e-01,1.187955300894318472e-01,1.256040991730306977e-01,1.302150311907216140e-01,1.337409775580972182e-01,1.338749271059919699e-01,1.361378716780264064e-01,1.369373910756848667e-01,1.348028041338236171e-01,1.353729960270539101e-01,1.380818211426940445e-01,1.421171052189285633e-01,1.463102674462594677e-01,1.459768784567516964e-01,1.418483933300325461e-01,1.403553559446284182e-01,1.405022917188546716e-01,1.394597170855647050e-01,1.360252028613126440e-01,1.357611083460855128e-01,1.352869172818330634e-01
0.000000000000000000e+00,9.789381053744313464e-04,3.113592716217563217e-03,5.876046167232783397e-03,9.074655877565365042e-03,1.239468914241547912e-02,1.558832509230693650e-02,1.884040269774520104e-02,2.182774181114075646e-02,2.494340420658688884e-02,2.808892616426170857e-02,3.079702985619504202e-02,3.360805029273014610e-02,3.590213491235205029e-02,3.778505578701632506e-02,3.993669044521647865e-02,4.159729955617893354e-02,4.283219596204786150e-02,4.375449029314155275e-02,4.520063398915961927e-02,4.704265146510675649e-02,4.841507601999332777e-02,5.020760592334932298e-02,5.142276098043543908e-02,5.220162539280123054e-02,5.351615970971258102e-02,5.436943120981704847e-02,5.587292282057761822e-02,5.800258547932411052e-02,6.078070053420926017e-02,6.429003824526063893e-02,6.870358447145703817e-02,7.434541129966881767e-02,8.182135635323897760e-02,9.231655781615950851e-02,1.082500656731142791e-01,1.333887291596602409e-01,1.590588666829980680e-01,1.592839464493742418e-01,1.527706080508594577e-01,1.496276649310001039e-01,1.481453177477068395e-01,1.477967247613327095e-01,1.449143082420057682e-01,1.397228704629465690e-01,1.381073160401047328e-01,1.364513235451319528e-01,1.330510234789124280e-01,1.329787062337108861e-01,1.331020106208439802e-01,1.291090281330221079e-01,1.246533676986933681e-01,1.238422412112069049e-01,1.261298952610060420e-01,1.311291759674570734e-01,1.383967434756132875e-01,1.459503550032844876e-01,1.474066810945819372e-01,1.407774916496145057e-01,1.318609585600869494e-01,1.226688497473127915e-01,1.138288689341478699e-01,1.063546052445103890e-01,1.024172406669274643e-01,1.006570783606911546e-01,9.820908676132709958e-02,9.578182810399753222e-02,9.514356106010353475e-02,9.434120842444757016e-02,9.515358128572122542e-02,9.569095952126806248e-02,9.864161328932284645e-02,1.045039961241068932e-01,1.142433728542105592e-01,1.262276124581952486e-01,1.353557913726341211e-01,1.440418930412191989e-01,1.498214607795517461e-01,1.522809798488126698e-01,1.489275150140215165e-01
0.000000000000000000e+00,1.142951032919404955e-03,3.496946042602498694e-03,6.373126213284408155e-03,9.632627354100881806e-03,1.298580466682579780e-02,1.610464879980082198e-02,1.905998356631317947e-02,2.211244194439054150e-02,2.487680385322419210e-02,2.780367344601209975e-02,3.079791707382104407e-02,3.333800061517858127e-02,3.606312351935136995e-02,3.890142324146755870e-02,4.118350170558403300e-02,4.372760634782803940e-02,4.653240630515183274e-02,4.961762001711737813e-02,5.292247790151514975e-02,5.539274287997030671e-02,5.713564619038028619e-02,5.879902962433868757e-02,5.973773401432865005e-02,6.004558676892340213e-02,5.995316707376146387e-02,6.072242420996335627e-02,6.230170084359153843e-02,6.451824935414794682e-02,6.616479518903721491e-02,6.873234533334567076e-02,7.206110560943754240e-02,7.483368554442165754e-02,7.893832553233179339e-02,8.482927675922279087e-02,9.250877839884416587e-02,1.005029158468806749e-01,1.124889199934882705e-01,1.269205413487575207e-01,1.376904504407228391e-01,1.426268062828625061e-01,1.382363864097508610e-01,1.329178931687512999e-01,1.314387488835557227e-01,1.304665578062572384e-01,1.280265102691228729e-01,1.270460984970680496e-01,1.255931902527309962e-01,1.252471108651867504e-01,1.237565164530147477e-01,1.254225870652561636e-01,1.283655749352375919e-01,1.305183832247229780e-01,1.349582752874562419e-01,1.407871981982064535e-01,1.429397723630609629e-01,1.406189240101139437e-01,1.406436700446131449e-01,1.422879106537080218e-01,1.416629746800854295e-01,1.355472250623176722e-01,1.294066987768047183e-01,1.273430158864741757e-01,1.265574183266652553e-01,1.247261099668574985e-01,1.261432227672802941e-01,1.305474309536789890e-01,1.345105737469228790e-01,1.351406982013418634e-01,1.377651071075660094e-01,1.416419330660644016e-01,1.457212074467399698e-01,1.489661230445439577e-01,1.509088513089698602e-01,1.517261741622548954e-01,1.482802921300488130e-01,1.396207664658012104e-01,1.299143882025484975e-01,1.218033734829485626e-01,1.180427224847307305e-01
0.000000000000000000e+00,9.789381053744313464e-04,3.258135347138822139e-03,6.252353604037454160e-03,9.480987033113520354e-03,1.268938971953212543e-02,1.605773714451587744e-02,1.950355297087856890e-02,2.291711078750814645e-02,2.593308975144086384e-02,2.904394971705637554e-02,3.222624761929802906e-02,3.547293543326379694e-02,3.879129805729260999e-02,4.214001030369608075e-02,4.473950073376691677e-02,4.665609775369970041e-02,4.797660128143406422e-02,4.886132383508460381e-02,5.022486333454565660e-02,5.114250146069280328e-02,5.264574099948591407e-02,5.469957530784431282e-02,5.730693727495426992e-02,6.051697662674237338e-02,6.423831777704115675e-02,6.707418824469760232e-02,6.898376250611432114e-02,7.025349134928135508e-02,7.226208131025411985e-02,7.368118949342937485e-02,7.630205738818041095e-02,8.035603111903699691e-02,8.631220695853131231e-02,9.508828339757267878e-02,1.084581639095825722e-01,1.290466176769702045e-01,1.479908338487612163e-01,1.521279500616776470e-01,1.526912447273604811e-01,1.520470169768463609e-01,1.476335118608630981e-01,1.413485601321006480e-01,1.364308115020214929e-01,1.309414112173638289e-01,1.293614734284958823e-01,1.288278866978226078e-01,1.270231197809021939e-01,1.284220601109374305e-01,1.326623118155749459e-01,1.360783865817299099e-01,1.360328393551885062e-01,1.376641657908892757e-01,1.401225924070389484e-01,1.435291674624449565e-01,1.435464089942197763e-01,1.398039429943235545e-01,1.387195008478694924e-01,1.399142880944666545e-01,1.426417304633361971e-01,1.459564874219833885e-01,1.488709247370246791e-01,1.507942826869277941e-01,1.517115029035509544e-01,1.483668761996767282e-01,1.397439554618108148e-01,1.320231265104001572e-01,1.278908904026149762e-01,1.254025581459262406e-01,1.263568060739457544e-01,1.282459664093743845e-01,1.284148528704001369e-01,1.290710648286258755e-01,1.279874282749547676e-01,1.298569931619497075e-01,1.342518098824386219e-01,1.403039454891466808e-01,1.463172831264613061e-01,1.505235635066819178e-01,1.507982774981574126e-01
0.000000000000000000e+00,1.142951032919404955e-03,3.640137821309474310e-03,6.752679308619324687e-03,1.004876585092557770e-02,1.328556785704803136e-02,1.658453295597490593e-02,1.965670496821899857e-02,2.278939555380194923e-02,2.559662966697981087e-02,2.852407816392686646e-02,3.130015790053803509e-02,3.421625934255275586e-02,3.725507534914743180e-02,4.036056292374787247e-02,4.278622932191089578e-02,4.465777985888655377e-02,4.681230965194040083e-02,4.835140375132850055e-02,4.935321509665870077e-02,4.990596102931661032e-02,5.015869920991698067e-02,5.102935736993031990e-02,5.148202159889475604e-02,5.158574702382804494e-02,5.147167697847890994e-02,5.213069025889491975e-02,5.338318715213101473e-02,5.413204672051383226e-02,5.451165539356707390e-02,5.561684040323251754e-02,5.739212421508921996e-02,5.969410054989625347e-02,6.126250714707937722e-02,6.212380656569645165e-02,6.235108372178239933e-02,6.218041879661927174e-02,6.293325319418519026e-02,6.439513970788150743e-02,6.517060553721740201e-02,6.547810923418161122e-02,6.656084162747098742e-02,6.715543571210164098e-02,6.875471832543018913e-02,7.114570665736116850e-02,7.299620889561266035e-02,7.570982277386732739e-02,7.788847914852640997e-02,8.105542705003750126e-02,8.322050363521939220e-02,8.483293711977080154e-02,8.819603580743833049e-02,9.333083902939626197e-02,9.861336054405495100e-02,1.023719897547025193e-01,1.054278471393206712e-01,1.112405678969362044e-01,1.204420105546634978e-01,1.331012189389518263e-01,1.462064659359931240e-01,1.497222397916267711e-01,1.462824345647671664e-01,1.450360312407678876e-01,1.420362316918359069e-01,1.370903209226241315e-01,1.333399987536881826e-01,1.288062695931124213e-01,1.260199617702927599e-01,1.226661713593575759e-01,1.227840605430947779e-01,1.261363426058910997e-01,1.325089385035564393e-01,1.408289053708008109e-01,1.484323485763865136e-01,1.528121542927123599e-01,1.540926965118580017e-01,1.537432274706380664e-01,1.525920710826956239e-01,1.513100277376261404e-01,1.506027795344173081e-01
0.000000000000000000e+00,9.789381053744313464e-04,3.258135347138822139e-03,6.126469893276999951e-03,9.095848038058075916e-03,1.204712294780386876e-02,1.499612466884153901e-02,1.813645226217988279e-02,2.131559835870362740e-02,2.452527545343310966e-02,2.730471454673407891e-02,2.969661642220580364e-02,3.174611094458441862e-02,3.352622982090322501e-02,3.506824128484494624e-02,3.696753471072697361e-02,3.849958306354301502e-02,3.974953859824326141e-02,4.145619418018010177e-02,4.354857730381389569e-02,4.592633625795627256e-02,4.775995613450365052e-02,4.993159651709023344e-02,5.153973132286998604e-02,5.354946940998913524e-02,5.493982563432860816e-02,5.638435843134853576e-02,5.844774294653731772e-02,6.100250913972583150e-02,6.276025740185346702e-02,6.392241063429213166e-02,6.571845867680813080e-02,6.693400046175483620e-02,6.885477197157884033e-02,7.020274575320474553e-02,7.233077737630885795e-02,7.359291179867388788e-02,7.431029851616206827e-02,7.626825873372976294e-02,7.920716603588466576e-02,8.166331886402111717e-02,8.524204952683492320e-02,8.839324364266758216e-02,9.287570396817722285e-02,9.654070397661668190e-02,1.011829542498168810e-01,1.074207491064011616e-01,1.130652505201554664e-01,1.197124493815654445e-01,1.237246770358118864e-01,1.260468917833117708e-01,1.261761608484879282e-01,1.266321461923845537e-01,1.234561124709874502e-01,1.197912804083993421e-01,1.195235041745245641e-01,1.223914587506496343e-01,1.261105470103537907e-01,1.278614479104296930e-01,1.296292270556360371e-01,1.291967765885730091e-01,1.314601579225303241e-01,1.359182795363105822e-01,1.384860168426333138e-01,1.346388968760743599e-01,1.278152483998372946e-01,1.215710446001414813e-01,1.192754372229469784e-01,1.203397402729881466e-01,1.227722266365802450e-01,1.220538209688988712e-01,1.204002257461649211e-01,1.219023840885794657e-01,1.264520341249023017e-01,1.311132355747371969e-01,1.303231399831515092e-01,1.278699703331843407e-01,1.264422770355565495e-01,1.239532357550472558e-01,1.247305880864083144e-01
0.000000000000000000e+00,9.789381053744313464e-04,3.113592716217563217e-03,5.876046167232783397e-03,9.074655877565365042e-03,1.239468914241547912e-02,1.558832509230693650e-02,1.891279569424870327e-02,2.223983331549585218e-02,2.520634570301223676e-02,2.823196916485186392e-02,3.079411413350237325e-02,3.298920085873861124e-02,3.539332634692828050e-02,3.738145664733179968e-02,3.966897885220761755e-02,4.216789504500927793e-02,4.413296333949029426e-02,4.641862526740991868e-02,4.871593903691007199e-02,5.129945308680861765e-02,5.315639817342864004e-02,5.434568753463567270e-02,5.495438670316717816e-02,5.517117611385099346e-02,5.603092893053834844e-02,5.647568891725754381e-02,5.766353065926664578e-02,5.955531785421598612e-02,6.200464694654519993e-02,6.385893099685446828e-02,6.653869989331820389e-02,7.014591931286037751e-02,7.477263099473480112e-02,8.084045055506330901e-02,8.832034198787550028e-02,9.922898737114872747e-02,1.159771669517853099e-01,1.364443908205580647e-01,1.442000462678306172e-01,1.402334322942783706e-01,1.349921703993038069e-01,1.335393381819660608e-01,1.322610236693808616e-01,1.294001033466221640e-01,1.276517796548251593e-01,1.248935510729482917e-01,1.235806061391491323e-01,1.198141405049414354e-01,1.145864886303800678e-01,1.086662078638371276e-01,1.033213009284952993e-01,1.010353578581250356e-01,1.006676187805813777e-01,1.001468279706133890e-01,1.013503466918837109e-01,1.013188933303452444e-01,1.007806941219401980e-01,1.013541114559971118e-01,1.006199269650022432e-01,9.872189435077065311e-02,9.643903478765598891e-02,9.516787355186193120e-02,9.305683992486304956e-02,9.028562840824436164e-02,8.706263280955986450e-02,8.397540923098269217e-02,8.247874215728995262e-02,8.051907594014345859e-02,7.847380453662154698e-02,7.808154114321623485e-02,7.925093266712177065e-02,8.206568256749616208e-02,8.684214173871690479e-02,9.428810477046224714e-02,1.058312939151798832e-01,1.238642896225585349e-01,1.431150546077891161e-01,1.463001479773852753e-01,1.432502219362297435e-01
0.000000000000000000e+00,1.142951032919404955e-03,3.640137821309474310e-03,6.628544627461315647e-03,9.761881433394743734e-03,1.310960256054453585e-02,1.657014081329377664e-02,2.000746830084863814e-02,2.310267444452898666e-02,2.623277782431623559e-02,2.893220969384566535e-02,3.147738416677124673e-02,3.420634392066177615e-02,3.709089108424055981e-02,4.006771454510558994e-02,4.239344172761804613e-02,4.419085118689033281e-02,4.634746938250436377e-02,4.885120006285085387e-02,5.171403440143208796e-02,5.486154584267568385e-02,5.731428491084436527e-02,6.016105175865375798e-02,6.215213630430316272e-02,6.332679725151008077e-02,6.393972347794554811e-02,6.541500707239113199e-02,6.778416451987459568e-02,7.088310982301092300e-02,7.341047715832312026e-02,7.679238839270274841e-02,7.963850901791709458e-02,8.386573179159123592e-02,8.855352018124741653e-02,9.288271384106193407e-02,9.870823757536235921e-02,1.042213173130816101e-01,1.129268530404081705e-01,1.256606026216454397e-01,1.412036587777715513e-01,1.528972318671541486e-01,1.566750952253356810e-01,1.562026855663037617e-01,1.543458795559049523e-01,1.488556593484339774e-01,1.419584535946165349e-01,1.392124018620111980e-01,1.367092796658967158e-01,1.327511150981826593e-01,1.301053344419545177e-01,1.266029875910389679e-01,1.247113116450490611e-01,1.204932335204371430e-01,1.162546115516557843e-01,1.154608637253341508e-01,1.163819440489579915e-01,1.151679307371308858e-01,1.134625530349751693e-01,1.134289271968561968e-01,1.128380564674746067e-01,1.138059862244004128e-01,1.126890703498688029e-01,1.110859232590167694e-01,1.111354174739549588e-01,1.106605700023284428e-01,1.131437996315709654e-01,1.171038726413033276e-01,1.199938964108679673e-01,1.235995976123363399e-01,1.253375826508795754e-01,1.272742417688698391e-01,1.271812771118513152e-01,1.297951019494432423e-01,1.346862393474073105e-01,1.409013295067286509e-01,1.467231209562420702e-01,1.505969921098843090e-01,1.485669370034161663e-01,1.431972287108276565e-01,1.412616285540626293e-01
0.000000000000000000e+00,9.789381053744313464e-04,3.258135347138822139e-03,6.126469893276999951e-03,9.095848038058075916e-03,1.210746781778233166e-02,1.525475554048663120e-02,1.855120388975089324e-02,2.192566291339096210e-02,2.527948009292377979e-02,2.815169227048206976e-02,3.064083619008955636e-02,3.332496663240029633e-02,3.616981362588624765e-02,3.910868197507098853e-02,4.141755864435538170e-02,4.321636518795290982e-02,4.530745678126490289e-02,4.686867236069845732e-02,4.857480673341526417e-02,4.972462071424266911e-02,5.039614197606887003e-02,5.067476276023887005e-02,5.064455522992301201e-02,5.042634389665658079e-02,5.076684401439636452e-02,5.081526782527860664e-02,5.062935959322859697e-02,5.026644568923419043e-02,4.982356099314474984e-02,5.021726463149305680e-02,5.131120667027543047e-02,5.302026372583719394e-02,5.520648984759519984e-02,5.672870738104995175e-02,5.771766598879181365e-02,5.926125763787935125e-02,6.135805265016801291e-02,6.270877401904351167e-02,6.335415774201030858e-02,6.353169332021207927e-02,6.462108839778679670e-02,6.661330512044770502e-02,6.932983168374860783e-02,7.120840455555778326e-02,7.246635864290482121e-02,7.462232532031144727e-02,7.769441256299111642e-02,8.025684381788550370e-02,8.443093818291755315e-02,9.002640629512694004e-02,9.458572303606949117e-02,9.868090488139293071e-02,1.042216626804267215e-01,1.077809315651704902e-01,1.089878820129275838e-01,1.093219452369769557e-01,1.109352323458321909e-01,1.117262762952254546e-01,1.153727083259606795e-01,1.201623412875010150e-01,1.233855472107408952e-01,1.291671642812551313e-01,1.368811618523573803e-01,1.446812771032334466e-01,1.501750018296165445e-01,1.487955792247338538e-01,1.406881830562709823e-01,1.332851269258758242e-01,1.303753432550247282e-01,1.308267933344734457e-01,1.341453916166366056e-01,1.366890790109034637e-01,1.360156470715347954e-01,1.376659948612667661e-01,1.379971892018140578e-01,1.355506935554611214e-01,1.359675041597880607e-01,1.385633068097390785e-01,1.425018162490601648e-01
0.000000000000000000e+00,9.789381053744313464e-04,3.258135347138822139e-03,6.252353604037454160e-03,9.480987033113520354e-03,1.259487675661412689e-02,1.555678031434160578e-02,1.834451552375391398e-02,2.094492280466603296e-02,2.335109033230775913e-02,2.558622637210780995e-02,2.784216932255244997e-02,2.988344142185126590e-02,3.223492852915512547e-02,3.482522234430826535e-02,3.756491326642563688e-02,3.979656672643100412e-02,4.224307195741464765e-02,4.410410916639821016e-02,4.544713868120446587e-02,4.634987922373473568e-02,4.694284678783668813e-02,4.811505008936534794e-02,4.942715961903496741e-02,5.026372058759046718e-02,5.069161431960058500e-02,5.084534388113683828e-02,5.164825296609363431e-02,5.211032140410407076e-02,5.318152246495198160e-02,5.377292874396494282e-02,5.394755008140164620e-02,5.385240044293184564e-02,5.446984017507977560e-02,5.474827486304463531e-02,5.568945981964052577e-02,5.622836552234176249e-02,5.740199960802520179e-02,5.801496180642174566e-02,5.823329123615695463e-02,5.914269981298575507e-02,5.961762357768461001e-02,6.090207205011236025e-02,6.281742934407524848e-02,6.418313693831549649e-02,6.621058085502541657e-02,6.745289556445961676e-02,6.794282447855810869e-02,6.776365576893442211e-02,6.720946495139339116e-02,6.755643468583538702e-02,6.749889551496467133e-02,6.851323736145585597e-02,7.035574305635886039e-02,7.168952045363374825e-02,7.418773127027068759e-02,7.764499741075386874e-02,8.019242955695898845e-02,8.172421872661921050e-02,8.270069587332160022e-02,8.476026752820770005e-02,8.632477893805927394e-02,8.974823963961052475e-02,9.466989961740351900e-02,9.911272410653391984e-02,1.056154841359746993e-01,1.157907262637570683e-01,1.275548616731481955e-01,1.357145956731135861e-01,1.398454193481699914e-01,1.359662804872502628e-01,1.301047773673443819e-01,1.265764615113672553e-01,1.245494204804802468e-01,1.201513515997708337e-01,1.157710219857881334e-01,1.135139988645838538e-01,1.099084430270878404e-01,1.063635357403552306e-01,1.048356407933867668e-01
0.000000000000000000e+00,9.789381053744313464e-04,3.212535938694525625e-03,6.006895729734815052e-03,8.933012767698676054e-03,1.186031207262992250e-02,1.479867758596903685e-02,1.795274023487037143e-02,2.122866369129628242e-02,2.457094871944366307e-02,2.794872412406051304e-02,3.129735290840746087e-02,3.406730040871571580e-02,3.646686383989221347e-02,3.875669212383590911e-02,4.053698967899857508e-02,4.192553231988256635e-02,4.368505477315757363e-02,4.496860142979812458e-02,4.584391037177578537e-02,4.638201919147785790e-02,4.668540064719457067e-02,4.744207838456092341e-02,4.879329925441689558e-02,5.059956193015798659e-02,5.184215045705365538e-02,5.260061738897310601e-02,5.326686743470252644e-02,5.357702253052605557e-02,5.460407796811065501e-02,5.618489049815642011e-02,5.715895943359054071e-02,5.758145171006016916e-02,5.763334367300704253e-02,5.849834416913043955e-02,5.999081645843680477e-02,6.097797670000977555e-02,6.260235452130277767e-02,6.358195225949986318e-02,6.451947334067459350e-02,6.615483713327276194e-02,6.704538492956177431e-02,6.723989004474625886e-02,6.682993250946434038e-02,6.609381053749555091e-02,6.627615815817938794e-02,6.592168726864260087e-02,6.526414135093458468e-02,6.552021637263470699e-02,6.525265128997279063e-02,6.467950098770018641e-02,6.516077996859762078e-02,6.657595742369101788e-02,6.832477756563158644e-02,6.932891334390245408e-02,6.983555853012987646e-02,7.143630607169766666e-02,7.389679265032407518e-02,7.567717855753826328e-02,7.752853444138291250e-02,7.845683701058515924e-02,7.849907022195949657e-02,7.775824152600314954e-02,7.667829627170816287e-02,7.672649204109383003e-02,7.640051480131175576e-02,7.715459396183585450e-02,7.749208705267243702e-02,7.889358650615860280e-02,7.984808141313981533e-02,8.234555994842207571e-02,8.609058886694831436e-02,8.950185099580465486e-02,9.520655729418789348e-02,1.029085382002315197e-01,1.106552235979613441e-01,1.221521846401761868e-01,1.337381391885456572e-01,1.395985027328461858e-01,1.410437441209563825e-01
0.000000000000000000e+00,1.142951032919404955e-03,3.496946042602498694e-03,6.247902859660643508e-03,9.139144323470760681e-03,1.203754957364826066e-02,1.486720954489357226e-02,1.758152360370217326e-02,2.015076233926662783e-02,2.255614993343279737e-02,2.478676569810754279e-02,2.683768769365967033e-02,2.870870210727686708e-02,3.040329318829670252e-02,3.196533508612360575e-02,3.394166646290556338e-02,3.623847360634446096e-02,3.875144491954317372e-02,4.074131301405847089e-02,4.230828827701173245e-02,4.422061543172649961e-02,4.562165118815179887e-02,4.663151751226908559e-02,4.810460270863094190e-02,4.915025353320099516e-02,5.067266022001699205e-02,5.173251068600127900e-02,5.337319028016021538e-02,5.546526985739504145e-02,5.687462577101030925e-02,5.776474316202524079e-02,5.922857792229706264e-02,6.003567007828505137e-02,6.038367858988794024e-02,6.155435301905187034e-02,6.348547009124755336e-02,6.586944148095169593e-02,6.873110464393461516e-02,7.073087762497627662e-02,7.185148679111941217e-02,7.231360444705692281e-02,7.301823597240211794e-02,7.296247552053562735e-02,7.249565954488122743e-02,7.327435171782485657e-02,7.528364051466064633e-02,7.814686299241498102e-02,8.012030387449745050e-02,8.112946121261024879e-02,8.119961168438445676e-02,8.043239688159722900e-02,7.927028727978982503e-02,7.902532354990811359e-02,7.843171445656048346e-02,7.898451301025553872e-02,7.879114628580012603e-02,7.790843397890932776e-02,7.644443387055374628e-02,7.478366719785085881e-02,7.458130762767767319e-02,7.551544847251617787e-02,7.608767661804292926e-02,7.624743914820464319e-02,7.779368753692295080e-02,8.084733449321626630e-02,8.574290919625242313e-02,9.318447510755530072e-02,1.032422445218334761e-01,1.125988851776030669e-01,1.196534339596145580e-01,1.222119872144345615e-01,1.213105048763811755e-01,1.186589268299459016e-01,1.148295877279794652e-01,1.113629237665391125e-01,1.068231530843148647e-01,1.017174279285534555e-01,9.639311772010190904e-02,9.155732237697974951e-02,8.920631485260699378e-02
0.000000000000000000e+00,9.789381053744313464e-04,3.258135347138822139e-03,6.126469893276999951e-03,9.095848038058075916e-03,1.204712294780386876e-02,1.491235824814554807e-02,1.764993777964249735e-02,2.029838303558883714e-02,2.312291613023706449e-02,2.564771039601473901e-02,2.789190772810585389e-02,2.987606842747559874e-02,3.166179331663139529e-02,3.380637441485886963e-02,3.618917037468839804e-02,3.811703938575904116e-02,3.968204777713247450e-02,4.163737881379648426e-02,4.393214509743974261e-02,4.647749742698605718e-02,4.837219842562048844e-02,4.967463979465854690e-02,5.046468907114758790e-02,5.083098584713444806e-02,5.086169589803414548e-02,5.063846691513282372e-02,5.028342804336600330e-02,5.068562280833750072e-02,5.079150775950665164e-02,5.065458676834721369e-02,5.033054167698371856e-02,4.987168811167576321e-02,4.932398263782046544e-02,4.872577907949506015e-02,4.810770907963409643e-02,4.751968014325629736e-02,4.765015454751997392e-02,4.846879507900467982e-02,4.900164201580618079e-02,4.982631265415626148e-02,5.033583662562349237e-02,5.139215498711779267e-02,5.297445430645006392e-02,5.408513351423283738e-02,5.572177132235146130e-02,5.674071586484798202e-02,5.726999223828654201e-02,5.805018136301014903e-02,5.840698370295100555e-02,5.943333304821959984e-02,5.988275763244677030e-02,5.994171558938508892e-02,6.073209268532916288e-02,6.096768839481998131e-02,6.084090192422707266e-02,6.148753158568943250e-02,6.164192812945264166e-02,6.175361624379357983e-02,6.145692652455936322e-02,6.132984505004634990e-02,6.086318386722642387e-02,6.088626341003192805e-02,6.181795469022188794e-02,6.345351073903479633e-02,6.441555951169855576e-02,6.490001526144079103e-02,6.613546670433706476e-02,6.667881637146819140e-02,6.658973321050919159e-02,6.596370812940532957e-02,6.506174096955727459e-02,6.509801307426148209e-02,6.464732112719961954e-02,6.378919277460382009e-02,6.261659183652056038e-02,6.122275091323375884e-02,5.969295835538278999e-02,5.810024523467460789e-02,5.656634708130995476e-02
0.000000000000000000e+00,9.789381053744313464e-04,3.113592716217563217e-03,5.749046094141875562e-03,8.583156990275073520e-03,1.145997552709084912e-02,1.429083252537717910e-02,1.702132445863976939e-02,1.968301200927535799e-02,2.252367516303884626e-02,2.512785576906500021e-02,2.788742615860037577e-02,3.026270702626942394e-02,3.229102075538797106e-02,3.401087986234917898e-02,3.549784769477080243e-02,3.735459318267300710e-02,3.884727788315518043e-02,4.002189776293709617e-02,4.093248878174051558e-02,4.174106603898651568e-02,4.233299917774537707e-02,4.274864866569046129e-02,4.302409507238661585e-02,4.319053093721475500e-02,4.327421453007688351e-02,4.329675454912797206e-02,4.327656465420177262e-02,4.328031120082253408e-02,4.402384404566449944e-02,4.532316706520397864e-02,4.625677419823015502e-02,4.686358685776222804e-02,4.719745738559298631e-02,4.739686735894931002e-02,4.783641692724106831e-02,4.802285847201614999e-02,4.800585822426693683e-02,4.787479171218465140e-02,4.846190024651338829e-02,4.876335439933261739e-02,4.882478658449124209e-02,4.869568301484377554e-02,4.842373578616421953e-02,4.805166940020329930e-02,4.761578749850205183e-02,4.714563242298835943e-02,4.666430831858614514e-02,4.619058727539209624e-02,4.577327386822301059e-02,4.537220102937655763e-02,4.501046889695937969e-02,4.513957737103517498e-02,4.518083010517986303e-02,4.539296103556272888e-02,4.547440516164685115e-02,4.548301969764077801e-02,4.622676596496223117e-02,4.746240471595573884e-02,4.830431998468950883e-02,4.879626846593564798e-02,4.904531396226327611e-02,4.992888259791645328e-02,5.042740069007764503e-02,5.059828904989457227e-02,5.055959407606138573e-02,5.121583575895559404e-02,5.151127164534013286e-02,5.156228604741684013e-02,5.236308836443356179e-02,5.374043821315237224e-02,5.467381283940411091e-02,5.616914240458038138e-02,5.706755267280620714e-02,5.742789071983499249e-02,5.733345124537059245e-02,5.687699626744181780e-02,5.615005205589836818e-02,5.523614028623047290e-02,5.420718680096291153e-02
0.000000000000000000e+00,9.789381053744313464e-04,3.139752942101550412e-03,5.817008627037469938e-03,8.675201431538643801e-03,1.156516550411196102e-02,1.440201129266817544e-02,1.720853763684489571e-02,2.017425490517833417e-02,2.286685634489185950e-02,2.535010024066733716e-02,2.801578308930161021e-02,3.031676626819998499e-02,3.228820872853998408e-02,3.396617949388144875e-02,3.538592242283333800e-02,3.658073395012172851e-02,3.761543181219970805e-02,3.912177731722449314e-02,4.035247774434996826e-02,4.205226605777442200e-02,4.409867357927871323e-02,4.562919140918408889e-02,4.675248708658301389e-02,4.838549442852820709e-02,5.040875391055923277e-02,5.181915777397449324e-02,5.267633970584817416e-02,5.306117369401214257e-02,5.313449499315577723e-02,5.395328932116477683e-02,5.534611294266507386e-02,5.617304484343323134e-02,5.649293127410827398e-02,5.647610628245167130e-02,5.716901667467393783e-02,5.737949384888883786e-02,5.717985133810334769e-02,5.665362278969407472e-02,5.588452711616234692e-02,5.494952928190927066e-02,5.391511932874892832e-02,5.283590592374040606e-02,5.175471619065129952e-02,5.070357613131157987e-02,4.973996883536606350e-02,4.969298537496374263e-02,4.949594044415462496e-02,4.917557392215299306e-02,4.876260112011864684e-02,4.828704304011154080e-02,4.777567562653606964e-02,4.725088712063552771e-02,4.673040874247365306e-02,4.622756054383345137e-02,4.575175968300423945e-02,4.530913931656418980e-02,4.490317583391362222e-02,4.456115491073201623e-02,4.500866161090021772e-02,4.529105062263914100e-02,4.542893357191878090e-02,4.544783681865514208e-02,4.537392828964764702e-02,4.523155914854490312e-02,4.507277505636972381e-02,4.565165346707191624e-02,4.601319909798389646e-02,4.618842388430986073e-02,4.621238313892878091e-02,4.611960301910451171e-02,4.594149929578322800e-02,4.573290308141365196e-02,4.615794332812026696e-02,4.638699493155347409e-02,4.645180571682688137e-02,4.638637075008657934e-02,4.622315627707779956e-02,4.599781459043594117e-02,4.588964295708809066e-02
0.000000000000000000e+00,9.789381053744313464e-04,3.113592716217563217e-03,5.749046094141875562e-03,8.583156990275073520e-03,1.145997552709084912e-02,1.429083252537717910e-02,1.702132445863976939e-02,1.961658916687863963e-02,2.205428376958976089e-02,2.432091545172958627e-02,2.640966896771324360e-02,2.831892764689585007e-02,3.005114240759866953e-02,3.161190112319516021e-02,3.300913799270686205e-02,3.425245596462388881e-02,3.535255040266355869e-02,3.632072790361050296e-02,3.716851258916584883e-02,3.790733237233499114e-02,3.854827578429204094e-02,3.910191609847168265e-02,3.957817988781651974e-02,4.001455020559165771e-02,4.106555778216501584e-02,4.188251651878176912e-02,4.249303098013226115e-02,4.292846863723999429e-02,4.322018304493027707e-02,4.339731837495770100e-02,4.348568555537200842e-02,4.350733987364597405e-02,4.348058982259925959e-02,4.342025693909312006e-02,4.333806418104835245e-02,4.324307121847364294e-02,4.314210933927738190e-02,4.304018600122816451e-02,4.294084615176500808e-02,4.284648543437654528e-02,4.275860511581045659e-02,4.267803724208286270e-02,4.260512479392118690e-02,4.253985541930657699e-02,4.250749106804220523e-02,4.319762820137622999e-02,4.370153717109610120e-02,4.404066741850547889e-02,4.424127875303052876e-02,4.436292431952606335e-02,4.515708284145811269e-02,4.569058973374121729e-02,4.599993151712622463e-02,4.612582543361321008e-02,4.610826446865795569e-02,4.598369110626056300e-02,4.578363297041426055e-02,4.553427490514862230e-02,4.525661355625393983e-02,4.498752000781885280e-02,4.525951700946320710e-02,4.539870088978184559e-02,4.555225325578042550e-02,4.558053078057321822e-02,4.551050968414490500e-02,4.536753955641256025e-02,4.517393773574591292e-02,4.494842048461902828e-02,4.471341342329276242e-02,4.468244646848759660e-02,4.496367313851661746e-02,4.510933722077930391e-02,4.514264833609930166e-02,4.508772615532756489e-02,4.496719470352180531e-02,4.480095524804218049e-02,4.460569281140796399e-02,4.439485580554926314e-02,4.417889174396272267e-02
0.000000000000000000e+00,9.789381053744313464e-04,3.113592716217563217e-03,5.749046094141875562e-03,8.583156990275073520e-03,1.149377339025599125e-02,1.443094622783320027e-02,1.723179586058767171e-02,1.991583874340025623e-02,2.266042638450842944e-02,2.518624670341222324e-02,2.744243866824331440e-02,2.944662882802442233e-02,3.121762691392087480e-02,3.277478232716659473e-02,3.413744582611275696e-02,3.532454307832610940e-02,3.635425206794013625e-02,3.724376913115970411e-02,3.800915491095585574e-02,3.866524171491399209e-02,3.922559182607850137e-02,3.973150200067690485e-02,4.083506371415059066e-02,4.169529725901325451e-02,4.235173152091496751e-02,4.304618644236688635e-02,4.354219328427657437e-02,4.405782233410815429e-02,4.442135385288392690e-02,4.539921755533538744e-02,4.606487359770956164e-02,4.646225814960164985e-02,4.668153526753578142e-02,4.754139283770952851e-02,4.806986393154603215e-02,4.831669036311395798e-02,4.833620367149073227e-02,4.818119352362073421e-02,4.789937511591502856e-02,4.756913136691057198e-02,4.800428050396671892e-02,4.820118792399819690e-02,4.819890430301936729e-02,4.803968797877347652e-02,4.776410834454577342e-02,4.743269117525166639e-02,4.759833630781416802e-02,4.759331988478158332e-02,4.745164376689989250e-02,4.724395817493490940e-02,4.777848210517576105e-02,4.805921749782253449e-02,4.812488208535553591e-02,4.805073642232163961e-02,4.849079180097648489e-02,4.867488129442541778e-02,4.864789489700810377e-02,4.845657468891299835e-02,4.818493152385728423e-02,4.866479158800501859e-02,4.892862830800785712e-02,4.983928992655642376e-02,5.037319439111571928e-02,5.058012966098499041e-02,5.051970509250964386e-02,5.029458390973918364e-02,5.071192681764230548e-02,5.175804080813258684e-02,5.236863724634450296e-02,5.262695551032555569e-02,5.308528151294188840e-02,5.417795474625584223e-02,5.500210035482301640e-02,5.650883966476426962e-02,5.854804962660267037e-02,5.989359177556029257e-02,6.058388381597577810e-02,6.069706812018420966e-02,6.045097186954047352e-02
0.000000000000000000e+00,9.789381053744313464e-04,3.113592716217563217e-03,5.749046094141875562e-03,8.694502814762800416e-03,1.185125968506551934e-02,1.489502957383791182e-02,1.786760436770564939e-02,2.061273952204284790e-02,2.313129842830639535e-02,2.542731921383225083e-02,2.755434405564744296e-02,2.995936252094921412e-02,3.225266600983442422e-02,3.418241718202984919e-02,3.578907375466348906e-02,3.711393522812790613e-02,3.819677847907467644e-02,3.907444694545188224e-02,3.979431043571517168e-02,4.066417255675376652e-02,4.138100173753524874e-02,4.191939737100030400e-02,4.231575707500762062e-02,4.271246120065674834e-02,4.298213684127862033e-02,4.315027805532339888e-02,4.326993026634175232e-02,4.406507930416978663e-02,4.462233126497681945e-02,4.497433343397407718e-02,4.516331652438041605e-02,4.534830980350709057e-02,4.539718328157268251e-02,4.534192759905210368e-02,4.523172412845370000e-02,4.556760663266664485e-02,4.573702743398620763e-02,4.577002913526113242e-02,4.569687324144685453e-02,4.554546132467934827e-02,4.534005703742168686e-02,4.513116134202007496e-02,4.567164258913109648e-02,4.600388195527215646e-02,4.615772590990467605e-02,4.616696365634284649e-02,4.606488032276176425e-02,4.591540948935585870e-02,4.653591827412670995e-02,4.774023409804153961e-02,4.855406380258024679e-02,4.902028517647379069e-02,4.922335017645836780e-02,4.968381925924725967e-02,4.984603302701434702e-02,4.981769681171140801e-02,5.048384887112777886e-02,5.080363435057291821e-02,5.083144021135727053e-02,5.062718879764614016e-02,5.024921210954092637e-02,4.975012034197504041e-02,4.921548049152783821e-02,4.952740509258334034e-02,5.031866845406043898e-02,5.075507676294822162e-02,5.093674947603082925e-02,5.179708048994705050e-02,5.302577181327076256e-02,5.380435986252718461e-02,5.474376272982790781e-02,5.519072910839755569e-02,5.521712195846983917e-02,5.490522984888714098e-02,5.440627904659828262e-02,5.470198607246927469e-02,5.464576680838377498e-02,5.430003458438126956e-02,5.379523076506421975e-02
0.000000000000000000e+00,9.789381053744313464e-04,3.113592716217563217e-03,5.749046094141875562e-03,8.583156990275073520e-03,1.155752247532616794e-02,1.469720634123904482e-02,1.763365852594496810e-02,2.035875395098628304e-02,2.286934530448490183e-02,2.516637050272393580e-02,2.725417029494914267e-02,2.914883910329708894e-02,3.099299640138417425e-02,3.314886839815626984e-02,3.499155269341961555e-02,3.698763896786867039e-02,3.859501961094082695e-02,3.986163687748831702e-02,4.083761678135045675e-02,4.160840155739562590e-02,4.289666738563736870e-02,4.384265120568983654e-02,4.449526634654139140e-02,4.494598733720632511e-02,4.602927933606038025e-02,4.759213662205410977e-02,4.868136634653210532e-02,4.935003942426584300e-02,4.966477230814753119e-02,4.969559446479372006e-02,4.950935375426024354e-02,4.916589824340077131e-02,4.871628958493148115e-02,4.824039598997237333e-02,4.856189617300905870e-02,4.869700333710276496e-02,4.936242272556481264e-02,4.971075841794149464e-02,4.978896202644463032e-02,4.965034022718638196e-02,4.934757021056346976e-02,4.892861523797641804e-02,4.843470710687412806e-02,4.793546928671509055e-02,4.824299377648653270e-02,4.834069256692213185e-02,4.826318603652581668e-02,4.804856898537365750e-02,4.777140835736936458e-02,4.825054862937404321e-02,4.847841813091303964e-02,4.853851518613617327e-02,4.928177985481999729e-02,4.969202359129623603e-02,4.986928781598214816e-02,5.070330708282993343e-02,5.115319258524358287e-02,5.133371842085131947e-02,5.217129853192391253e-02,5.259392807398962505e-02,5.272805008473025606e-02,5.359216360037415833e-02,5.483428664003147518e-02,5.554590862918065003e-02,5.578612257234237537e-02,5.563341555502183261e-02,5.517237530398883677e-02,5.455249044338796038e-02,5.475351375963199985e-02,5.462343861438415799e-02,5.428994537551132954e-02,5.473418224739302201e-02,5.487438417527104595e-02,5.473855736265906963e-02,5.509920651391921748e-02,5.516260266780056293e-02,5.601967191831085102e-02,5.748952901330527804e-02,5.842790381032548358e-02
0.000000000000000000e+00,1.142951032919404955e-03,3.640137821309474310e-03,6.628544627461315647e-03,9.659508725700583637e-03,1.263583097134824210e-02,1.558417558095552373e-02,1.866188138471267660e-02,2.146467771112104198e-02,2.403344396927217103e-02,2.656298783011550035e-02,2.883559034924540118e-02,3.135781655498669912e-02,3.392488181432117694e-02,3.607485205413826779e-02,3.844775963838883287e-02,4.031587739368432122e-02,4.174049806523240369e-02,4.278795048389872485e-02,4.353822204886270697e-02,4.429841194255880465e-02,4.479260304081350563e-02,4.511299354419397167e-02,4.604800501266918811e-02,4.666064252024133829e-02,4.700025278857576649e-02,4.711911357410943080e-02,4.706725238374200038e-02,4.692772306592321585e-02,4.750908076457775048e-02,4.782587408821033920e-02,4.792047740990111604e-02,4.783843163936878778e-02,4.766294092521396880e-02,4.821756463398974707e-02,4.850081388290920781e-02,4.860109387602214170e-02,4.937399124938370021e-02,4.980362836414232997e-02,4.994009780213684579e-02,4.984022985655885141e-02,4.960715297240109872e-02,5.011249143353969926e-02,5.031589470264997283e-02,5.026722846244386506e-02,5.006913884805214154e-02,5.060423352822053522e-02,5.082232467012876009e-02,5.082814227970842286e-02,5.153728938327305220e-02,5.201996382579035516e-02,5.215500301557975810e-02,5.200525078684135188e-02,5.166278502075757895e-02,5.160764468904806973e-02,5.133229797871247807e-02,5.093967021646615689e-02,5.132422357285623682e-02,5.141309206645479357e-02,5.125526836139328302e-02,5.095562235971899667e-02,5.141299998636127133e-02,5.155601688736363014e-02,5.149134380568982927e-02,5.220114856436013084e-02,5.358285809842925490e-02,5.558128502920821334e-02,5.818810070907381310e-02,6.144960909284875178e-02,6.527024666766820249e-02,6.821551254078336846e-02,7.050077685891108226e-02,7.383660527925570149e-02,7.850752063432656080e-02,8.444180698917028161e-02,8.948087447746219669e-02,9.326005141833285106e-02,9.643303921750996655e-02,1.009163843402964278e-01,1.048271163612769369e-01
0.000000000000000000e+00,1.142951032919404955e-03,3.496946042602498694e-03,6.247902859660643508e-03,9.248544884229719862e-03,1.243325439601120595e-02,1.544915162660154100e-02,1.831276099631237719e-02,2.112996916189706711e-02,2.368917211146220544e-02,2.600133974682549906e-02,2.807902658681249441e-02,2.993611532395904287e-02,3.162681989548975225e-02,3.366085674988354010e-02,3.536934885998005429e-02,3.678725991937991519e-02,3.795132657991948100e-02,3.889745559678724901e-02,3.969269247365297265e-02,4.100928729708402248e-02,4.205436257857024518e-02,4.349933630479948382e-02,4.460426995287985336e-02,4.617282940436755884e-02,4.739440736997237169e-02,4.824513899329366945e-02,4.960464333430426864e-02,5.047940542647435386e-02,5.093467961720882925e-02,5.104528421349024264e-02,5.088637036409539988e-02,5.052759887645100201e-02,5.002996105110863595e-02,4.944465686096272128e-02,4.881575165614532308e-02,4.817107284913193371e-02,4.755399607675245971e-02,4.746098450160127907e-02,4.748030643900334746e-02,4.740616338042921707e-02,4.805117193266157660e-02,4.841633545207493783e-02,4.854043605542915363e-02,4.846903975880396259e-02,4.824789296585284271e-02,4.791906364790288197e-02,4.755538505509015329e-02,4.800892293322353566e-02,4.913598082367633124e-02,5.077816780419573683e-02,5.190032914004551884e-02,5.254584709664113923e-02,5.285245761797856268e-02,5.387005091334862161e-02,5.543640514623384558e-02,5.640979373879346365e-02,5.694444764601962888e-02,5.821679654149432281e-02,6.006269996078957701e-02,6.135910670132433548e-02,6.326119265141107173e-02,6.441563483441238580e-02,6.504370533205013072e-02,6.658648099889996619e-02,6.884650128868431695e-02,7.054034595753366776e-02,7.332618685263526948e-02,7.702497819996260986e-02,8.000021922843593425e-02,8.290238724130583048e-02,8.494102299899167208e-02,8.678756833184231301e-02,8.749586423136071489e-02,8.713565217562413423e-02,8.636331448207949790e-02,8.740632869874814803e-02,8.976626602418356915e-02,9.106592055288070808e-02,9.123917485479401956e-02
0.000000000000000000e+00,9.789381053744313464e-04,3.113592716217563217e-03,5.749046094141875562e-03,8.583156990275073520e-03,1.145997552709084912e-02,1.437636386369209145e-02,1.744638783909157817e-02,2.027351112332982305e-02,2.286058739627090317e-02,2.526569431392304207e-02,2.787345636187843825e-02,3.013433183277355529e-02,3.208056427659212312e-02,3.374539188012912194e-02,3.516145422804448084e-02,3.635974724721322687e-02,3.736899410424397716e-02,3.821531860760822574e-02,3.892213186784650170e-02,3.954088256450821737e-02,4.072754454443554273e-02,4.168521671305683296e-02,4.314670065504045554e-02,4.447948387514862045e-02,4.542883140723987662e-02,4.604878986649132283e-02,4.639746164207331214e-02,4.653120102318360901e-02,4.650121938368183966e-02,4.638903966374970794e-02,4.699163899448350473e-02,4.736922052486311485e-02,4.819390595388427928e-02,4.873449005364186015e-02,4.986130852247146195e-02,5.056036412900808547e-02,5.088695132853197217e-02,5.090712096098623518e-02,5.074209519167182519e-02,5.129720678729628863e-02,5.151138647679458921e-02,5.144135558047566170e-02,5.114831740835947688e-02,5.074050532673039099e-02,5.110959044444114696e-02,5.118805276162646106e-02,5.102572236739181394e-02,5.067647325794510937e-02,5.019196416890814305e-02,4.961815375288802787e-02,4.899372173980278550e-02,4.838527441164528625e-02,4.860949302409253714e-02,4.863751129038846460e-02,4.852700973265999113e-02,4.880244128972698048e-02,4.885479115312803960e-02,4.872561062381056823e-02,4.845765367676210800e-02,4.812943948007161743e-02,4.856734360822972940e-02,4.875607898230963771e-02,4.873571342476931689e-02,4.855031078136973210e-02,4.824252842709031430e-02,4.785060629877343347e-02,4.744211748513125354e-02,4.782089163050370212e-02,4.798203496517895739e-02,4.796037603542045030e-02,4.779441966043875695e-02,4.752149770546854751e-02,4.717508696276517810e-02,4.678359446366851804e-02,4.637005197270688966e-02,4.595237858221574989e-02,4.554393021790200530e-02,4.515417399022213923e-02,4.478938266616224601e-02
0.000000000000000000e+00,1.142951032919404955e-03,3.496946042602498694e-03,6.247902859660643508e-03,9.139144323470760681e-03,1.203754957364826066e-02,1.486720954489357226e-02,1.758152360370217326e-02,2.015076233926662783e-02,2.255614993343279737e-02,2.478676569810754279e-02,2.683768769365967033e-02,2.875187817006168850e-02,3.101549836558298995e-02,3.349896451253574908e-02,3.555801807981533863e-02,3.723664713440923146e-02,3.858344141659307558e-02,3.964712447969630932e-02,4.047375883336606917e-02,4.110516753296020176e-02,4.160380192553862072e-02,4.251984844146294851e-02,4.319012488005827266e-02,4.365235916387814885e-02,4.394454086263537007e-02,4.410210546645332297e-02,4.415646547690319640e-02,4.416587614360176911e-02,4.487265191566121303e-02,4.534469062532233558e-02,4.565361166941316745e-02,4.659104255143232259e-02,4.725010441231612679e-02,4.846924663867076960e-02,4.926731670435879895e-02,4.974319759996249229e-02,5.063699877388875420e-02,5.118615714454732152e-02,5.232260631784314830e-02,5.297998649625562662e-02,5.322113120495989419e-02,5.318960666610171584e-02,5.385492396358256689e-02,5.410400841758647439e-02,5.400262685998258316e-02,5.362394535082761621e-02,5.303967399380556114e-02,5.231477037940999303e-02,5.150476686195591680e-02,5.065493769665606327e-02,4.980060544430863628e-02,4.896810146864036956e-02,4.818999975168010430e-02,4.782768173735982981e-02,4.742408031599022050e-02,4.701781067901423389e-02,4.717807765608029308e-02,4.718751819409904708e-02,4.707231788385109195e-02,4.686098784241233411e-02,4.661464346450875512e-02,4.712233071392387534e-02,4.743937974259541251e-02,4.844227487040745489e-02,4.996880248959437165e-02,5.100356591505889048e-02,5.159324396323536344e-02,5.185894829558770902e-02,5.261030787061954372e-02,5.294481801297406393e-02,5.299763818700994195e-02,5.373368264609353073e-02,5.404361894528989657e-02,5.399198064219066368e-02,5.365198568356426001e-02,5.309621317859977707e-02,5.239092264734879212e-02,5.159312444971402706e-02,5.079299110332266554e-02
0.000000000000000000e+00,9.789381053744313464e-04,3.113592716217563217e-03,5.749046094141875562e-03,8.583156990275073520e-03,1.145997552709084912e-02,1.429083252537717910e-02,1.702132445863976939e-02,1.961658916687863963e-02,2.211334612889570561e-02,2.481433961724003115e-02,2.726172146850186495e-02,2.989240849515395829e-02,3.212975715656011394e-02,3.401392261399160261e-02,3.558679088921586769e-02,3.688939925665601222e-02,3.799591085088126902e-02,3.955330171320523697e-02,4.077405202069556145e-02,4.170261144586834973e-02,4.242258779682793468e-02,4.367250827962371185e-02,4.457529738196627095e-02,4.522281135597767954e-02,4.641655061627984746e-02,4.722301836215414550e-02,4.774654687404605163e-02,4.884436243919403758e-02,4.952919849078347286e-02,4.986031101638010998e-02,4.995762601519321278e-02,5.077841681288173398e-02,5.222644980691230898e-02,5.415915278437611474e-02,5.546664364268360375e-02,5.629287610127328700e-02,5.769282778089762642e-02,5.847408323174568823e-02,5.870589777442633550e-02,5.847939243057662800e-02,5.789298337401585504e-02,5.705135614356133394e-02,5.614694213473106488e-02,5.510612178842486109e-02,5.399111994492696714e-02,5.285232100077578987e-02,5.172862181234574169e-02,5.064854818545366094e-02,4.963173780298842097e-02,4.869051884415238202e-02,4.783142252246668641e-02,4.705655797749497965e-02,4.636477802615854293e-02,4.575264576351297657e-02,4.521521664616953706e-02,4.474664774828950725e-02,4.434066082390773073e-02,4.399088285348250887e-02,4.369108175549587386e-02,4.343533344124310414e-02,4.321812185265782452e-02,4.303439527368980305e-02,4.287958932354779540e-02,4.274962568262156287e-02,4.264089533606463256e-02,4.255023064464522053e-02,4.247487125214127746e-02,4.241242701920390490e-02,4.236084040213463492e-02,4.231834938441582372e-02,4.228345220879234367e-02,4.225487455483448174e-02,4.223153951048226606e-02,4.221254047500743595e-02,4.219711698305261133e-02,4.221015914664253549e-02,4.293599049132987289e-02,4.347244344114270520e-02,4.384106903422232970e-02
0.000000000000000000e+00,9.789381053744313464e-04,3.113592716217563217e-03,5.807946011205920335e-03,8.759245587055796908e-03,1.175510917063258588e-02,1.477854801716673924e-02,1.763056461172334347e-02,2.029552264594678898e-02,2.276476807344565700e-02,2.503499986035937971e-02,2.710720122729221027e-02,2.898580562575535716e-02,3.067797537115481837e-02,3.219295337630339454e-02,3.354148079272627203e-02,3.473528158505161112e-02,3.578661739063059011e-02,3.670791409908635838e-02,3.751145814968805808e-02,3.820915809716401296e-02,3.881236399620201921e-02,3.933174274218050742e-02,3.977719458166391331e-02,4.015780934387949003e-02,4.048185285938338263e-02,4.075677689877772042e-02,4.101654275801788763e-02,4.193088138047619540e-02,4.262771208616469854e-02,4.313274246826465791e-02,4.347577489983685955e-02,4.368680574013086154e-02,4.379375991146945007e-02,4.382133040469583102e-02,4.379053838097416579e-02,4.371873518346877652e-02,4.361985977884572097e-02,4.350482667203605519e-02,4.338196068467732591e-02,4.325743054578345265e-02,4.313565083100723979e-02,4.301964134490680186e-02,4.291132894754266791e-02,4.281181056125964862e-02,4.272156746193433302e-02,4.264063850493586549e-02,4.256874577299522150e-02,4.250540246393953031e-02,4.244999348553913504e-02,4.240183579882589315e-02,4.236022216755849085e-02,4.232445220165643313e-02,4.229385344329112534e-02,4.226779493395601411e-02,4.224569513325739101e-02,4.222702568352806191e-02,4.221131219643763782e-02,4.219813297283554754e-02,4.218711638575371736e-02,4.217793735959776691e-02,4.217031338944240287e-02,4.216400041296356621e-02,4.215878870328084588e-02,4.215449891600058646e-02,4.215097837578553330e-02,4.217372342550161635e-02,4.290683492388094183e-02,4.348201640730811612e-02,4.463984855271363461e-02,4.547018494315600151e-02,4.601178230135834213e-02,4.631137474292536943e-02,4.641686601218738412e-02,4.637320669395476186e-02,4.625626996280861325e-02,4.685768735619547098e-02,4.720474639910758607e-02,4.733726488878267635e-02,4.729827645160587096e-02
0.000000000000000000e+00,9.789381053744313464e-04,3.113592716217563217e-03,5.749046094141875562e-03,8.583156990275073520e-03,1.145997552709084912e-02,1.429083252537717910e-02,1.702132445863976939e-02,1.961658916687863963e-02,2.205428376958976089e-02,2.432091545172958627e-02,2.640966896771324360e-02,2.831892764689585007e-02,3.005114240759866953e-02,3.161710789222461904e-02,3.309237724770835998e-02,3.439205382337038458e-02,3.553020155687246218e-02,3.655373241332208339e-02,3.806178841083857761e-02,3.928384758366299662e-02,4.025275433007026449e-02,4.100426439179915422e-02,4.157363047523084804e-02,4.199359920035092286e-02,4.229337676286887282e-02,4.249823461019643783e-02,4.262952278213152230e-02,4.270491598131407468e-02,4.273878916366864039e-02,4.274264239640434421e-02,4.274755271148847346e-02,4.332254686995800491e-02,4.373011605958802145e-02,4.399297831806812248e-02,4.413646642618993671e-02,4.418544095352790191e-02,4.416257058008294517e-02,4.408751768993316583e-02,4.397669378298890014e-02,4.384335813395448533e-02,4.369790473067039493e-02,4.354823506043827008e-02,4.340015473897326781e-02,4.325775433072751031e-02,4.312375621621800798e-02,4.302562985037659826e-02,4.366327029691759870e-02,4.411713210198549978e-02,4.440910929044858402e-02,4.456801397665376835e-02,4.466977002278355730e-02,4.467486574498346491e-02,4.460734521905845851e-02,4.448808112553758604e-02,4.433446663394592646e-02,4.416050061266513921e-02,4.397708906689017788e-02,4.379244697005844206e-02,4.361252966112227208e-02,4.344144865452456705e-02,4.328184922153186648e-02,4.313524020318710434e-02,4.300227310570436251e-02,4.288298026026896026e-02,4.277694791289428367e-02,4.270886375232068460e-02,4.337136762207984692e-02,4.385097228799206964e-02,4.416876429222795636e-02,4.435069705364089870e-02,4.442346834249701060e-02,4.444376860472640245e-02,4.516002267461356051e-02,4.563462127609584779e-02,4.590168996812428459e-02,4.599931734454192067e-02,4.596487556906247995e-02,4.583237069136716912e-02,4.563116943366812839e-02
0.000000000000000000e+00,9.789381053744313464e-04,3.113592716217563217e-03,5.876046167232783397e-03,8.964202647942932922e-03,1.199821999017286131e-02,1.492131275036796649e-02,1.769880022949684578e-02,2.030897778670259432e-02,2.279650531902187652e-02,2.548374864840657547e-02,2.785621662493253936e-02,2.998195846156711739e-02,3.235252689161097900e-02,3.434049744431636603e-02,3.598798435070938578e-02,3.733862885288605216e-02,3.843479636560367257e-02,3.931588215060739105e-02,4.001740830374432567e-02,4.057066483302504412e-02,4.100270759151098537e-02,4.133657692162478331e-02,4.159164437936608422e-02,4.178401270379034776e-02,4.192693413907988553e-02,4.203121512502452223e-02,4.210559213783236776e-02,4.215706967567400820e-02,4.219121774054103435e-02,4.221242925090674253e-02,4.222413946419661945e-02,4.222901144366262433e-02,4.222908874496190956e-02,4.222592207521150276e-02,4.222067339842473094e-02,4.221420029085293235e-02,4.220712344706666758e-02,4.219988955084895410e-02,4.219279821899660915e-02,4.218604908941789994e-02,4.217976498058683549e-02,4.217401398967425552e-02,4.216882314728327003e-02,4.216419077918844710e-02,4.216009611405183849e-02,4.215650631036577112e-02,4.215338158014238223e-02,4.215067886802741082e-02,4.214835443595880971e-02,4.214636562250836244e-02,4.214467198723621799e-02,4.214323600133564052e-02,4.214202340982385608e-02,4.214100336009498488e-02,4.214014836819269388e-02,4.213943417878798781e-02,4.213883955726252517e-02,4.213834604383553950e-02,4.214504245005167016e-02,4.235114323045888196e-02,4.250097560859420615e-02,4.260238491176117359e-02,4.266384978068320233e-02,4.270186590429177892e-02,4.293721530149724463e-02,4.309256988634867225e-02,4.318149310612094671e-02,4.321747609619470964e-02,4.321291566679113377e-02,4.317862459837760319e-02,4.312367227143779069e-02,4.305542175079533906e-02,4.297967569769069185e-02,4.290087293281405478e-02,4.282229991809328312e-02,4.274629747627773507e-02,4.267444773535842423e-02,4.260773240208592244e-02,4.254668272219954556e-02
0.000000000000000000e+00,9.789381053744313464e-04,3.113592716217563217e-03,5.749046094141875562e-03,8.583156990275073520e-03,1.145997552709084912e-02,1.429083252537717910e-02,1.702132445863976939e-02,1.961658916687863963e-02,2.205428376958976089e-02,2.432091545172958627e-02,2.640966896771324360e-02,2.831892764689585007e-02,3.005114240759866953e-02,3.161190112319516021e-02,3.300913799270686205e-02,3.425245596462388881e-02,3.535255040266355869e-02,3.632072790361050296e-02,3.716851258916584883e-02,3.790733237233499114e-02,3.854827578429204094e-02,3.910191609847168265e-02,3.957817988781651974e-02,3.998627681114363258e-02,4.033465189147152075e-02,4.063097495274143461e-02,4.088215124354208085e-02,4.109434901626723285e-02,4.128968410493424890e-02,4.188853753236671668e-02,4.234349992349335096e-02,4.267339236510966916e-02,4.289870412888839579e-02,4.303939127445425422e-02,4.311365864677473708e-02,4.313738918833145281e-02,4.312397628324089044e-02,4.308440235151787118e-02,4.302745020169028434e-02,4.295997710698151728e-02,4.288720599052919108e-02,4.281300648157380928e-02,4.275253414144328246e-02,4.304117567986980725e-02,4.323792269194785820e-02,4.335617189207902067e-02,4.341045317706457296e-02,4.341478169077209875e-02,4.338177410599446809e-02,4.332225668162320575e-02,4.324517804232087120e-02,4.315769845561797519e-02,4.306537290948020402e-02,4.297237337813349101e-02,4.288171781624287859e-02,4.279548942822041652e-02,4.271502416566671373e-02,4.264108441432201690e-02,4.257400354222501404e-02,4.251380229511935588e-02,4.246027607692138411e-02,4.241306958693332602e-02,4.237173407751750748e-02,4.233577049538966158e-02,4.230466106959857725e-02,4.227789195102964886e-02,4.225496874107851492e-02,4.223542660097939772e-02,4.221883625721641747e-02,4.220480696514660596e-02,4.219298729888741606e-02,4.218306434076832256e-02,4.217476184989278620e-02,4.216783779733895149e-02,4.216208154044955719e-02,4.215731084512133742e-02,4.215336890406928827e-02,4.215011880023059043e-02,4.214744838394703791e-02
0.000000000000000000e+00,9.789381053744313464e-04,3.113592716217563217e-03,5.749046094141875562e-03,8.583156990275073520e-03,1.145997552709084912e-02,1.429083252537717910e-02,1.702132445863976939e-02,1.961658916687863963e-02,2.205428376958976089e-02,2.432091545172958627e-02,2.640966896771324360e-02,2.831892764689585007e-02,3.005114240759866953e-02,3.161190112319516021e-02,3.300913799270686205e-02,3.425245596462388881e-02,3.535255040266355869e-02,3.632072790361050296e-02,3.716851258916584883e-02,3.790733237233499114e-02,3.854827578429204094e-02,3.910191609847168265e-02,3.957817988781651974e-02,3.998627681114363258e-02,4.033465189147152075e-02,4.063097495274143461e-02,4.088215124354208085e-02,4.109434901626723285e-02,4.127303888272858962e-02,4.142304191803569680e-02,4.154858077568117369e-02,4.165333386574372743e-02,4.174048913601934724e-02,4.181279643857891554e-02,4.187261716234060016e-02,4.192197040244976386e-02,4.196257570820796645e-02,4.199589199447038151e-02,4.202315259504862260e-02,4.204539655606392284e-02,4.207022080890160387e-02,4.227875312191099050e-02,4.243155253448503694e-02,4.253652702364303650e-02,4.260207991937818572e-02,4.263625959969229162e-02,4.264630832094778307e-02,4.263846622842344669e-02,4.261793233906133183e-02,4.258891637247758100e-02,4.255571320454495238e-02,4.254704421908611645e-02,4.252988745914398905e-02,4.250675591563403410e-02,4.247979559461634302e-02,4.245076052678917189e-02,4.242102991983007915e-02,4.239164638330117363e-02,4.236336299492481083e-02,4.233669227906191462e-02,4.231195552148786510e-02,4.228932495497675359e-02,4.226886066701265182e-02,4.225053978788270020e-02,4.223427950323373897e-02,4.221995820672275190e-02,4.220743057221194167e-02,4.219653917997884945e-02,4.218712312367179501e-02,4.217902416939024735e-02,4.217209097978336790e-02,4.216618183780441315e-02,4.216116623024100674e-02,4.215692344027699434e-02,4.215334876343623111e-02,4.215034749626551946e-02,4.214783608442869423e-02,4.214574134729767024e-02,4.214399960578999599e-02
0.000000000000000000e+00,9.789381053744313464e-04,3.113592716217563217e-03,5.749046094141875562e-03,8.583156990275073520e-03,1.145997552709084912e-02,1.429083252537717910e-02,1.702132445863976939e-02,1.961658916687863963e-02,2.205428376958976089e-02,2.432091545172958627e-02,2.640966896771324360e-02,2.831892764689585007e-02,3.005114240759866953e-02,3.161190112319516021e-02,3.300913799270686205e-02,3.425245596462388881e-02,3.535255040266355869e-02,3.632072790361050296e-02,3.716851258916584883e-02,3.790733237233499114e-02,3.854827578429204094e-02,3.910191609847168265e-02,3.960558304426789467e-02,4.067971102705611464e-02,4.152109412875740202e-02,4.215738411118665624e-02,4.261956747486030789e-02,4.293843492208626600e-02,4.314253789725758237e-02,4.325715069842842736e-02,4.330388955361661601e-02,4.330073518674849853e-02,4.326228909445418991e-02,4.320014998119591637e-02,4.312333298710131074e-02,4.303868772373501544e-02,4.295128696157472087e-02,4.286477380316658370e-02,4.278166516665656699e-02,4.270359324629324077e-02,4.263152708185681539e-02,4.256594200229146807e-02,4.250695816752047412e-02,4.245443922508235213e-02,4.240807762019857541e-02,4.236745841058246753e-02,4.233210694446894184e-02,4.230152345490614807e-02,4.227520773924021980e-02,4.225267605013294930e-02,4.223347211032678350e-02,4.221717371712527950e-02,4.220339610053502194e-02,4.219179297419049790e-02,4.218205590064802446e-02,4.217391257500845148e-02,4.216712444197156379e-02,4.216148392993197130e-02,4.215681151899992180e-02,4.215295279695405184e-02,4.214977294789742923e-02,4.214716167714149114e-02,4.214502355181792836e-02,4.214327792433879283e-02,4.214185689699298520e-02,4.214070351010631293e-02,4.213977014292781542e-02,4.213901711342128015e-02,4.213841146020165518e-02,4.213792589010990908e-02,4.213753787229609915e-02,4.213722888201653499e-02,4.213698376246142324e-02,4.213679010533027958e-02,4.213663777846966135e-02,4.213651853375456613e-02,4.213642567542345146e-02,4.213635378361727662e-02,4.213629848678827894e-02
0.000000000000000000e+00,9.789381053744313464e-04,3.113592716217563217e-03,5.804340538490907961e-03,8.749281888277143926e-03,1.169589268979584831e-02,1.456759410544039741e-02,1.731887175442380772e-02,1.992074762975781094e-02,2.235501074761875664e-02,2.461119096429561712e-02,2.668474047106835986e-02,2.858285730479618800e-02,3.038041285857353418e-02,3.198177682209985689e-02,3.339957174538903811e-02,3.464771786910094548e-02,3.574072779088572488e-02,3.669317417437568951e-02,3.751929623864497937e-02,3.823272123944002066e-02,3.884627433940208985e-02,3.937185959960061432e-02,3.982039763507165542e-02,4.020180566015631174e-02,4.052500960231251309e-02,4.079797950374029758e-02,4.102778103959093398e-02,4.122063716241411435e-02,4.138199693607350765e-02,4.151660462017704722e-02,4.162857015633188856e-02,4.172143709523758875e-02,4.179824709467403615e-02,4.186160030981610214e-02,4.191371049858887837e-02,4.197821491393114585e-02,4.262705946208099339e-02,4.310821681786637660e-02,4.344212603515386351e-02,4.365259250903030797e-02,4.376353555516721006e-02,4.379713059145220327e-02,4.377287948145340557e-02,4.370727201010114749e-02,4.361380952001717159e-02,4.350323333303329071e-02,4.338385293614043653e-02,4.326190943391092225e-02,4.314193279342642962e-02,4.302707215037159666e-02,4.291938564055298305e-02,4.282008727835263234e-02,4.272975907004757101e-02,4.264852597304446408e-02,4.257618118410404218e-02,4.251229406966346852e-02,4.245629279861824756e-02,4.240752684853046212e-02,4.236531255791763789e-02,4.232896596811084461e-02,4.229782543508395914e-02,4.227126648090728106e-02,4.224871077976968120e-02,4.222963079136604625e-02,4.221355124127716685e-02,4.220004838569874767e-02,4.218874781172472083e-02,4.217932123947502193e-02,4.219707622108454653e-02,4.292638199506883939e-02,4.346552157533375982e-02,4.383620659205569176e-02,4.406493392363672323e-02,4.417890549952930429e-02,4.420364744351103214e-02,4.416177265096015575e-02,4.407249456177878694e-02,4.395158449734398037e-02,4.381160367483422774e-02
0.000000000000000000e+00,9.789381053744313464e-04,3.113592716217563217e-03,5.749046094141875562e-03,8.600328418624849161e-03,1.151995710241234851e-02,1.437822471269620435e-02,1.712534211807189774e-02,1.972948301498643128e-02,2.217043448907951228e-02,2.443626738382232919e-02,2.652134749944771303e-02,2.842496372980584177e-02,3.015026468240715810e-02,3.170337409027258746e-02,3.309263362438390893e-02,3.432795091787622238e-02,3.542024355302891142e-02,3.638097449358643209e-02,3.722177189298441630e-02,3.795412668358686542e-02,3.858915871936031278e-02,3.915517437763533365e-02,4.004843602189972485e-02,4.076197231366367885e-02,4.131847594658164674e-02,4.174178769539965694e-02,4.205486194853257781e-02,4.227863997260484369e-02,4.243152455672465073e-02,4.252923387393556937e-02,4.258488902282742822e-02,4.260922948387019932e-02,4.261089037080219993e-02,4.259669840528291368e-02,4.257195952699474595e-02,4.254072433692417110e-02,4.250602444930548507e-02,4.247007770698366796e-02,4.243445818488515014e-02,4.240023626564536074e-02,4.236810174035668397e-02,4.233846449245350779e-02,4.232439081170599748e-02,4.267421572342666725e-02,4.292615728545688680e-02,4.309332306547620367e-02,4.319034925812845899e-02,4.323159856403779172e-02,4.323017186800687250e-02,4.319744257719534269e-02,4.314292097251914287e-02,4.307431240552064833e-02,4.299768156725514850e-02,4.291766493635675722e-02,4.283769541350995746e-02,4.276021984188209391e-02,4.268689569617137303e-02,4.261875567937731257e-02,4.255636378020823118e-02,4.249993581685995725e-02,4.247500685271374254e-02,4.317081950442368948e-02,4.367949145497647401e-02,4.402260513794535590e-02,4.422653546669307045e-02,4.431835130028721065e-02,4.432342645295121036e-02,4.426421152604567005e-02,4.415973654062085862e-02,4.402558623700287416e-02,4.387413388997520730e-02,4.371491135977168679e-02,4.355502791059300688e-02,4.339958851296740749e-02,4.327824859204042196e-02,4.389668291080044138e-02,4.433050165377258600e-02,4.460224366126201018e-02,4.473906327376851039e-02
0.000000000000000000e+00,9.789381053744313464e-04,3.113592716217563217e-03,5.749046094141875562e-03,8.583156990275073520e-03,1.145997552709084912e-02,1.429083252537717910e-02,1.702132445863976939e-02,1.961658916687863963e-02,2.205428376958976089e-02,2.432091545172958627e-02,2.640966896771324360e-02,2.831892764689585007e-02,3.005114240759866953e-02,3.161190112319516021e-02,3.300913799270686205e-02,3.425245596462388881e-02,3.535255040266355869e-02,3.632072790361050296e-02,3.716851258916584883e-02,3.790733237233499114e-02,3.854827578429204094e-02,3.910191609847168265e-02,3.957817988781651974e-02,3.998627681114363258e-02,4.033465189147152075e-02,4.063097495274143461e-02,4.088215124354208085e-02,4.109434901626723285e-02,4.127303888272858962e-02,4.142304191803569680e-02,4.154858077568117369e-02,4.165333386574372743e-02,4.174048913601934724e-02,4.181279643857891554e-02,4.187261716234060016e-02,4.192197040244976386e-02,4.196257570820796645e-02,4.199589199447038151e-02,4.202315259504862260e-02,4.204539655606392284e-02,4.206349635029353606e-02,4.207818224748402502e-02,4.209006360695692617e-02,4.209964736654718542e-02,4.210735396160280447e-02,4.211353115281771947e-02,4.211846579974221072e-02,4.212239386628241489e-02,4.212550891231815753e-02,4.212797232800674641e-02,4.212991069116741455e-02,4.213142894200673505e-02,4.214032653524518029e-02,4.236518311195489050e-02,4.252882246782543896e-02,4.263974642657023667e-02,4.270716067543287031e-02,4.273996403335089678e-02,4.274620492272078465e-02,4.273283756195771221e-02,4.270566335721185519e-02,4.266938062794749936e-02,4.262769147008541037e-02,4.258343405931513947e-02,4.253872094984501723e-02,4.249507006815463755e-02,4.245352055410307746e-02,4.241473378060132970e-02,4.237909042281707422e-02,4.234675957837485960e-02,4.231775096208221371e-02,4.229196593229604673e-02,4.226923236039160231e-02,4.224933270344271435e-02,4.223202508708060604e-02,4.221705873722887692e-02,4.220418495684143817e-02,4.219316464046569959e-02,4.218377313795126232e-02
0.000000000000000000e+00,9.789381053744313464e-04,3.113592716217563217e-03,5.749046094141875562e-03,8.665632815270024603e-03,1.174927142111912778e-02,1.471340550371757691e-02,1.752523347456389283e-02,2.016427814371414551e-02,2.261838863649953332e-02,2.488161193305012814e-02,2.695286095898572626e-02,2.883493033552333648e-02,3.053368073012022177e-02,3.205732528297425277e-02,3.341579819239241106e-02,3.462020005658289490e-02,3.568232023257168067e-02,3.661423567599560863e-02,3.742798401698662486e-02,3.813530506252596486e-02,3.874744334413306873e-02,3.927500902135517419e-02,3.972788303683340988e-02,4.011516317580403335e-02,4.044514276288139337e-02,4.072531430825842430e-02,4.096239238794099208e-02,4.116235048606305125e-02,4.133046718241505796e-02,4.147137898890095736e-02,4.158913478575204659e-02,4.168725196277992678e-02,4.176877125103434923e-02,4.183630947897914315e-02,4.190502843712068382e-02,4.231596484656656443e-02,4.262063790336872993e-02,4.283332604919844883e-02,4.296962172951128422e-02,4.304469216324804948e-02,4.307233007908248257e-02,4.306451292109345769e-02,4.303128336164156048e-02,4.298081823048275490e-02,4.291960026551262103e-02,4.285263633197837485e-02,4.278368663305671254e-02,4.271548567065822088e-02,4.264994448760126705e-02,4.258831830089532949e-02,4.253136083784094662e-02,4.247945227569160237e-02,4.243269776358363915e-02,4.239100405908436536e-02,4.235414255468968742e-02,4.232179850105542707e-02,4.229360793599274554e-02,4.226918490715126514e-02,4.224814102524732801e-02,4.223009902557342543e-02,4.221470174455020652e-02,4.220161764485669958e-02,4.219054372589065710e-02,4.218120655883911968e-02,4.217336201440417126e-02,4.216679409546907759e-02,4.216131319643372233e-02,4.215675402990060050e-02,4.215297339550323763e-02,4.214984507597776403e-02,4.214726584488816263e-02,4.214514553857625495e-02,4.214340755272188294e-02,4.214198706555533080e-02,4.214082943428458516e-02,4.213988876304550907e-02,4.213912663613861298e-02,4.213851100575722458e-02,4.213801522269643163e-02
0.000000000000000000e+00,9.789381053744313464e-04,3.113592716217563217e-03,5.749046094141875562e-03,8.583156990275073520e-03,1.145997552709084912e-02,1.429083252537717910e-02,1.702132445863976939e-02,1.961658916687863963e-02,2.205428376958976089e-02,2.432091545172958627e-02,2.640966896771324360e-02,2.831892764689585007e-02,3.005114240759866953e-02,3.161190112319516021e-02,3.300913799270686205e-02,3.425245596462388881e-02,3.535255040266355869e-02,3.632072790361050296e-02,3.716851258916584883e-02,3.790733237233499114e-02,3.854827578429204094e-02,3.910191609847168265e-02,3.957817988781651974e-02,3.998627681114363258e-02,4.033465189147152075e-02,4.063097495274143461e-02,4.088215124354208085e-02,4.109434901626723285e-02,4.127303888272858962e-02,4.142304191803569680e-02,4.154858077568117369e-02,4.165333386574372743e-02,4.174048913601934724e-02,4.181279643857891554e-02,4.187261716234060016e-02,4.192197040244976386e-02,4.196257570820796645e-02,4.199589199447038151e-02,4.202315259504862260e-02,4.204539655606392284e-02,4.206349635029353606e-02,4.207818224748402502e-02,4.209006360695692617e-02,4.209964736654718542e-02,4.210735396160280447e-02,4.211353115281771947e-02,4.211846579974221072e-02,4.212239386628241489e-02,4.212550891231815753e-02,4.212797232800674641e-02,4.212991069116741455e-02,4.213142894200673505e-02,4.215828082229453738e-02,4.289447374573911870e-02,4.343933322658372759e-02,4.381476435074171255e-02,4.404742349739697305e-02,4.416780918333142181e-02,4.427270342132082204e-02,4.428988570862504165e-02,4.424121581157137301e-02,4.414551677323746287e-02,4.401839380899522786e-02,4.387236651748573080e-02,4.371717250837265506e-02,4.356014510687419156e-02,4.340660756736117870e-02,4.326024746078397515e-02,4.312345457537045817e-02,4.299761151692408495e-02,4.288334309827128432e-02,4.278072627118435778e-02,4.271491545757945263e-02,4.337896292093635503e-02,4.385942577257148645e-02,4.417755885554325995e-02,4.435945410199273325e-02,4.443192123739908572e-02,4.442009058194742316e-02
0.000000000000000000e+00,9.789381053744313464e-04,3.258135347138822139e-03,6.126469893276999951e-03,9.095848038058075916e-03,1.204712294780386876e-02,1.491235824814554807e-02,1.764993777964249735e-02,2.023348649917958153e-02,2.264661435155691446e-02,2.488016354791428020e-02,2.693054625420735620e-02,2.879857124879162122e-02,3.048851002690259812e-02,3.200730230403806692e-02,3.336386500764960267e-02,3.456849105079549261e-02,3.563233406042976698e-02,3.659539204676726804e-02,3.799565513238444686e-02,3.913717020996698021e-02,4.004950612624016276e-02,4.076465062324018812e-02,4.131405521186538171e-02,4.172691317036574671e-02,4.202927753254130649e-02,4.224372958481618923e-02,4.238939863360707827e-02,4.248217810079472218e-02,4.253505422757072885e-02,4.255847581747170677e-02,4.257043429739675033e-02,4.282737629055920897e-02,4.300178481185205209e-02,4.310719901947726584e-02,4.315723137443377294e-02,4.316448494371843275e-02,4.314001749575312877e-02,4.309315332814056543e-02,4.303150262234862328e-02,4.296109707399308614e-02,4.288658153860204492e-02,4.281142357651472607e-02,4.275346583366068653e-02,4.312748061856573611e-02,4.338771916897336822e-02,4.354991898039227427e-02,4.363159414953894644e-02,4.364987692863359081e-02,4.362033689741102310e-02,4.355643207164814484e-02,4.346935486905281060e-02,4.336811321803608898e-02,4.325973696452791589e-02,4.314954154362997396e-02,4.304889533653452616e-02,4.316309332806781557e-02,4.322459490202296140e-02,4.324259836726011830e-02,4.322649178244736962e-02,4.318499026289307485e-02,4.312570983665135055e-02,4.305501436704971957e-02,4.297802580635520092e-02,4.289872459278882416e-02,4.282009291243189797e-02,4.274427278523343365e-02,4.267272094213694217e-02,4.260634176381095789e-02,4.254562110317396811e-02,4.249073066421106548e-02,4.244161149378164466e-02,4.239804138904051944e-02,4.235969062232125548e-02,4.232616477621733292e-02,4.229703689696760055e-02,4.227187110009215237e-02,4.225023931596133542e-02,4.223173269193074286e-02,4.221596888489625998e-02
0.000000000000000000e+00,9.789381053744313464e-04,3.113592716217563217e-03,5.749046094141875562e-03,8.583156990275073520e-03,1.145997552709084912e-02,1.429083252537717910e-02,1.702132445863976939e-02,1.961658916687863963e-02,2.205428376958976089e-02,2.432091545172958627e-02,2.640966896771324360e-02,2.831892764689585007e-02,3.005114240759866953e-02,3.161190112319516021e-02,3.300913799270686205e-02,3.425245596462388881e-02,3.535255040266355869e-02,3.632072790361050296e-02,3.716851258916584883e-02,3.790733237233499114e-02,3.854827578429204094e-02,3.910191609847168265e-02,3.957817988781651974e-02,3.998627681114363258e-02,4.033465189147152075e-02,4.063097495274143461e-02,4.088215124354208085e-02,4.109434901626723285e-02,4.127303888272858962e-02,4.142304191803569680e-02,4.157458761611778492e-02,4.238965052507822490e-02,4.300253964537577994e-02,4.347077463761419430e-02,4.453711382452573558e-02,4.529281322067585380e-02,4.577826945015093379e-02,4.603955699056579143e-02,4.612261511943497455e-02,4.606982063095855368e-02,4.591824185785840090e-02,4.569901045632075026e-02,4.543738540191889774e-02,4.515322082593577202e-02,4.489048664794201976e-02,4.539191602245352258e-02,4.570194315917092825e-02,4.584736297820937029e-02,4.585896972986965719e-02,4.576730639259167510e-02,4.560025923507129986e-02,4.538190428816367417e-02,4.513214207802154071e-02,4.486681310079259494e-02,4.459807222775907104e-02,4.433488584314164427e-02,4.408356067006739126e-02,4.384825091456005797e-02,4.363141701929869332e-02,4.343422506330422983e-02,4.325688638270485525e-02,4.309892429672169262e-02,4.295939206214833411e-02,4.283704399878995178e-02,4.273583263220928630e-02,4.280441013845365933e-02,4.284165542569585983e-02,4.285239539981872819e-02,4.285764604499250202e-02,4.327277114292424343e-02,4.355966558578492492e-02,4.373667898887259597e-02,4.382382869369180062e-02,4.384050335442188362e-02,4.382883497532732292e-02,4.440176837280413596e-02,4.478264388040474608e-02,4.499948843369575013e-02,4.508292244255142356e-02
0.000000000000000000e+00,9.789381053744313464e-04,3.113592716217563217e-03,5.749046094141875562e-03,8.583156990275073520e-03,1.145997552709084912e-02,1.437636386369209145e-02,1.744638783909157817e-02,2.027822291360323326e-02,2.289477099048542463e-02,2.526838932906566582e-02,2.740912152311003255e-02,2.936222588711416906e-02,3.148822141054847396e-02,3.330966529076130611e-02,3.487529604452595938e-02,3.648207923414184539e-02,3.779945761952523131e-02,3.886538416102880422e-02,3.971702494781442772e-02,4.038900154678122523e-02,4.091246277802428749e-02,4.131471569062496185e-02,4.162560026025353965e-02,4.200799457155458133e-02,4.231726109322481860e-02,4.326167530779031350e-02,4.394986684484272765e-02,4.441536461582726997e-02,4.469571845777348118e-02,4.482801359818819331e-02,4.484629438730456524e-02,4.478028900908511550e-02,4.465498455359710739e-02,4.449071856999533420e-02,4.430356652285194485e-02,4.410587097501325604e-02,4.390681470533921993e-02,4.371298094773103105e-02,4.352886539352916057e-02,4.335732407088931789e-02,4.319995848922408843e-02,4.305743345300570846e-02,4.292974105902028908e-02,4.283960568723182982e-02,4.342274176524429929e-02,4.383977422627138854e-02,4.411055404036367394e-02,4.425910823613329187e-02,4.430994578084786195e-02,4.428592264484501606e-02,4.420715998331320451e-02,4.409063133055898115e-02,4.395016169765917496e-02,4.379665973437381343e-02,4.363846485135849940e-02,4.348173613821865874e-02,4.333083627147173156e-02,4.318868635472753598e-02,4.305707603869257660e-02,4.293693198804072325e-02,4.282854593093744083e-02,4.273174988833698673e-02,4.264605588023331201e-02,4.257076892579712141e-02,4.250507319430431308e-02,4.244809528538982107e-02,4.239895067442658178e-02,4.235677605646639976e-02,4.232075102878890549e-02,4.229011165249476484e-02,4.226415792534914811e-02,4.224225679590903892e-02,4.222384200317986364e-02,4.220841173913932043e-02,4.219552489622129671e-02,4.218479650780520424e-02,4.217589269837871552e-02,4.216852551950198841e-02,4.216244790942269560e-02
0.000000000000000000e+00,9.789381053744313464e-04,3.113592716217563217e-03,5.749046094141875562e-03,8.583156990275073520e-03,1.145997552709084912e-02,1.429083252537717910e-02,1.702132445863976939e-02,1.964555347407588581e-02,2.225809126189452064e-02,2.464705675805125423e-02,2.681632705186126966e-02,2.877320238688867507e-02,3.052759595441488852e-02,3.209130725793609556e-02,3.347738822260016428e-02,3.469960291308207823e-02,3.577197883953441709e-02,3.670844503450496066e-02,3.752254835199003713e-02,3.822723844924968278e-02,3.883471690224192530e-02,3.935633655055909702e-02,3.980254424875102892e-02,4.018286015608926731e-02,4.051884775334245459e-02,4.112519696137951347e-02,4.159948554872524434e-02,4.195953267446631690e-02,4.222378406632527198e-02,4.240978867806783487e-02,4.253338520205321438e-02,4.260834500266561659e-02,4.264630453312941855e-02,4.265686644463387994e-02,4.264779199361641571e-02,4.264899041763788035e-02,4.328137282423168142e-02,4.373556055303262635e-02,4.403432011130527235e-02,4.420388585666492481e-02,4.427044175405581844e-02,4.425811968902263610e-02,4.418801400862977513e-02,4.407784100594734633e-02,4.394199266070174248e-02,4.379181015310352337e-02,4.363596242117546292e-02,4.348085910320649561e-02,4.333105296973977644e-02,4.318960886443160008e-02,4.305842466745109925e-02,4.293850805304932211e-02,4.283021052449455940e-02,4.273340911138568537e-02,4.264764858468583081e-02,4.257225762980382938e-02,4.250643729958699518e-02,4.244932600987072480e-02,4.240004729433300562e-02,4.235774315664644907e-02,4.232159650191805872e-02,4.229084526409421924e-02,4.226479030290840322e-02,4.224279873358818826e-02,4.222430399934335582e-02,4.220880370376874774e-02,4.219585598032159907e-02,4.218507501735026949e-02,4.217612607553416354e-02,4.216872035950926939e-02,4.216261000321736702e-02,4.215758327931236338e-02,4.215346012381809143e-02,4.215008802610264310e-02,4.214733513954497385e-02,4.214509615436518725e-02,4.214328051716114548e-02,4.214181260541365742e-02,4.214062946849390229e-02
0.000000000000000000e+00,9.789381053744313464e-04,3.113592716217563217e-03,5.749046094141875562e-03,8.583156990275073520e-03,1.147483824538296504e-02,1.435236018563158626e-02,1.711366409426565496e-02,1.972816744590961263e-02,2.217653381543232757e-02,2.444749187909852489e-02,2.653592115006913818e-02,2.844152035929063682e-02,3.016776796157653873e-02,3.172105332955352242e-02,3.310993104661681674e-02,3.434447795025324240e-02,3.543574454328114742e-02,3.639529674837807538e-02,3.723484102114949651e-02,3.796592654235304842e-02,3.859971524412265931e-02,3.914681546973269172e-02,3.961716588094742891e-02,4.001996305174168600e-02,4.036362625019263017e-02,4.065578999014379108e-02,4.090331838079441784e-02,4.111233556619915686e-02,4.128826723301776830e-02,4.143589025751722582e-02,4.155938493720866267e-02,4.166238988840575974e-02,4.174805626590783608e-02,4.181910037430675714e-02,4.187785330088131946e-02,4.192630705731911073e-02,4.196615718890338992e-02,4.199884149326754690e-02,4.202557484901479901e-02,4.204738027013998902e-02,4.206511637809724063e-02,4.207950153501664736e-02,4.209113491133151946e-02,4.210051475974488366e-02,4.210805414650550110e-02,4.211409460988729814e-02,4.211891776799710219e-02,4.212275518451176481e-02,4.212579673802628599e-02,4.212820085367682127e-02,4.213009142578597738e-02,4.213157128383172162e-02,4.213272382231439406e-02,4.213361647172305519e-02,4.213430358708215862e-02,4.213482884400897993e-02,4.213522721957040779e-02,4.213552662742390403e-02,4.213574924244582742e-02,4.213591254948163833e-02,4.213603034776507855e-02,4.213611348953639341e-02,4.213617046989732301e-02,4.213620790574119229e-02,4.213623091988521335e-02,4.213624345412309707e-02,4.213624852105926633e-02,4.213624840172912334e-02,4.213624480616380563e-02,4.213623919523530603e-02,4.213623197566538497e-02,4.213622430063398289e-02,4.213621657980289731e-02,4.213620909836230527e-02,4.213620203994630081e-02,4.213619539567310668e-02,4.213618938854946094e-02,4.213618401664239593e-02,4.213617926273367786e-02
0.000000000000000000e+00,9.789381053744313464e-04,3.113592716217563217e-03,5.749046094141875562e-03,8.583156990275073520e-03,1.145997552709084912e-02,1.429083252537717910e-02,1.702132445863976939e-02,1.961658916687863963e-02,2.205428376958976089e-02,2.432091545172958627e-02,2.640966896771324360e-02,2.831892764689585007e-02,3.005114240759866953e-02,3.161190112319516021e-02,3.300913799270686205e-02,3.425245596462388881e-02,3.535255040266355869e-02,3.632072790361050296e-02,3.716851258916584883e-02,3.790733237233499114e-02,3.854827578429204094e-02,3.910191609847168265e-02,3.957817988781651974e-02,3.998627681114363258e-02,4.033465189147152075e-02,4.063097495274143461e-02,4.088215124354208085e-02,4.109434901626723285e-02,4.127303888272858962e-02,4.142304191803569680e-02,4.154858077568117369e-02,4.165333386574372743e-02,4.174048913601934724e-02,4.181279643857891554e-02,4.187261716234060016e-02,4.192197040244976386e-02,4.196257570820796645e-02,4.199589199447038151e-02,4.202315259504862260e-02,4.204539655606392284e-02,4.206349635029353606e-02,4.207818224748402502e-02,4.209006360695692617e-02,4.209964736654718542e-02,4.210735396160280447e-02,4.211353115281771947e-02,4.211846579974221072e-02,4.212239386628241489e-02,4.212550891231815753e-02,4.212797232800674641e-02,4.212991069116741455e-02,4.213142894200673505e-02,4.213261222043676590e-02,4.213352939674187142e-02,4.213423600995010176e-02,4.213477670632146538e-02,4.213518725702661977e-02,4.213549622285107238e-02,4.213572631104513938e-02,4.213589543601096998e-02,4.213601773736030259e-02,4.213610434306502145e-02,4.213616396793055940e-02,4.213620340597851871e-02,4.213622792143147805e-02,4.213624156919893587e-02,4.213624744942381234e-02,4.213624791368637129e-02,4.213624472743749544e-02,4.213623938908575561e-02,4.213623267870033468e-02,4.213622500131105481e-02,4.213621725481367375e-02,4.213620973241288120e-02,4.213620262402322653e-02,4.213619592564608884e-02,4.213618985824982288e-02,4.213618443168431343e-02,4.213617962624740393e-02
0.000000000000000000e+00,1.142951032919404955e-03,3.496946042602498694e-03,6.247902859660643508e-03,9.139144323470760681e-03,1.203754957364826066e-02,1.486720954489357226e-02,1.758152360370217326e-02,2.015076233926662783e-02,2.255614993343279737e-02,2.478676569810754279e-02,2.683768769365967033e-02,2.870870210727686708e-02,3.040329318829670252e-02,3.192779588699973942e-02,3.329066617558743696e-02,3.450185026128783916e-02,3.557224606138893047e-02,3.651325184379172750e-02,3.733639840497890439e-02,3.805305616863954854e-02,3.867420939648397865e-02,3.921029318952728299e-02,3.967107994641629748e-02,4.006560889077091792e-02,4.040215216952134508e-02,4.068820821967220752e-02,4.093051650822478182e-02,4.113508801413372912e-02,4.130724651561781119e-02,4.145167775353496287e-02,4.157248111517022893e-02,4.167322382231938155e-02,4.175699440140191038e-02,4.182645454439173210e-02,4.188388788399284579e-02,4.193124543300925239e-02,4.197018747401388972e-02,4.200212160365970893e-02,4.202823693881625050e-02,4.204953460178242897e-02,4.206950311652229296e-02,4.216016410596935132e-02,4.222700086517466173e-02,4.227356952755348396e-02,4.230351031200765832e-02,4.232024127312172812e-02,4.232680217150962959e-02,4.232579315698981048e-02,4.231937102142940138e-02,4.230927845305865881e-02,4.229688958257322995e-02,4.228326090811660581e-02,4.226918313884536760e-02,4.225522942606604881e-02,4.224180015253668763e-02,4.222915956358340439e-02,4.221746662318234811e-02,4.220680276257880031e-02,4.219719277239726563e-02,4.218861954275851534e-02,4.218539881674181896e-02,4.230591794802298494e-02,4.239234570609350106e-02,4.244960383019146660e-02,4.248293288629127751e-02,4.249734954002652026e-02,4.249736003333135642e-02,4.248683680565975423e-02,4.246899467151383362e-02,4.244642477332818964e-02,4.242115888209695151e-02,4.239474669001520174e-02,4.236833303748883256e-02,4.234273170755403076e-02,4.231849065359487294e-02,4.229595741569140699e-02,4.227531905150143376e-02,4.225664885913682500e-02,4.223993614975708050e-02
0.000000000000000000e+00,9.789381053744313464e-04,3.113592716217563217e-03,5.749046094141875562e-03,8.583156990275073520e-03,1.145997552709084912e-02,1.429083252537717910e-02,1.702132445863976939e-02,1.961658916687863963e-02,2.205428376958976089e-02,2.432091545172958627e-02,2.640966896771324360e-02,2.831892764689585007e-02,3.005114240759866953e-02,3.161190112319516021e-02,3.300913799270686205e-02,3.425245596462388881e-02,3.535255040266355869e-02,3.632072790361050296e-02,3.716851258916584883e-02,3.790733237233499114e-02,3.854827578429204094e-02,3.910191609847168265e-02,3.957817988781651974e-02,3.998627681114363258e-02,4.033465189147152075e-02,4.063097495274143461e-02,4.088215124354208085e-02,4.109434901626723285e-02,4.127303888272858962e-02,4.142304191803569680e-02,4.154858077568117369e-02,4.165333386574372743e-02,4.174048913601934724e-02,4.181279643857891554e-02,4.187261716234060016e-02,4.192197040244976386e-02,4.196257570820796645e-02,4.199589199447038151e-02,4.202315259504862260e-02,4.204539655606392284e-02,4.206349635029353606e-02,4.207818224748402502e-02,4.209006360695692617e-02,4.209964736654718542e-02,4.210735396160280447e-02,4.211353115281771947e-02,4.211846579974221072e-02,4.212239386628241489e-02,4.212550891231815753e-02,4.212797232800674641e-02,4.212991069116741455e-02,4.213142894200673505e-02,4.213261222043676590e-02,4.213352939674187142e-02,4.213423600995010176e-02,4.213477670632146538e-02,4.215207745231311365e-02,4.263946858357332836e-02,4.299719292584574387e-02,4.324164008529539360e-02,4.339159404651371510e-02,4.346575514719974720e-02,4.348135279897659411e-02,4.345345978782529789e-02,4.339476499376073576e-02,4.331561587896083643e-02,4.322421105295087829e-02,4.312686544462583649e-02,4.302829763620005799e-02,4.293190989841474958e-02,4.284004786325960185e-02,4.275421785156543336e-02,4.267528681145230096e-02,4.260364377713274364e-02,4.253933170065171687e-02,4.248214403285255347e-02,4.243170787991604881e-02,4.238754711424435467e-02,4.234912980931806320e-02
0.000000000000000000e+00,9.789381053744313464e-04,3.113592716217563217e-03,5.808194265917943078e-03,8.759990077216865331e-03,1.170922632197402696e-02,1.458234454729202649e-02,1.733420502025692991e-02,1.993607982505830184e-02,2.236993430467709015e-02,2.462542735409920316e-02,2.669810771848757716e-02,2.858815379529343684e-02,3.029938261412439340e-02,3.183841534413047597e-02,3.321395674691095951e-02,3.443617123747855224e-02,3.551614904281649027e-02,3.646545963783133504e-02,3.729578612670853693e-02,3.801863494808090105e-02,3.864511192425883201e-02,3.918576079281710367e-02,3.965045086213877384e-02,4.004830766520627028e-02,4.038767999056009500e-02,4.067613411314339317e-02,4.092046933295178518e-02,4.112674920400256895e-02,4.130969785699219188e-02,4.170902625700974309e-02,4.201581690795332114e-02,4.224301199388659500e-02,4.240396306787649894e-02,4.251131589219916962e-02,4.257642254751476535e-02,4.260909515302409994e-02,4.261756907637997277e-02,4.260858852355523668e-02,4.258755639848087193e-02,4.255871053312595270e-02,4.252530409892012198e-02,4.248977710552864079e-02,4.245391091858402577e-02,4.241896056243393831e-02,4.238576624560252276e-02,4.235485581886608980e-02,4.233671049642592776e-02,4.260765195673887201e-02,4.280099687487327192e-02,4.292751014021213563e-02,4.299899448752402681e-02,4.302692029205609087e-02,4.302168235427199228e-02,4.299226209911703733e-02,4.294614021145116284e-02,4.288935658793400357e-02,4.282664907853583891e-02,4.276162647161009522e-02,4.269694961676748918e-02,4.263450594136042326e-02,4.257556142104917257e-02,4.252089507862204937e-02,4.247092251594705020e-02,4.242578852134250289e-02,4.238544050788308620e-02,4.234968858999408475e-02,4.231825352242250121e-02,4.229080310879243521e-02,4.226697929779237028e-02,4.224641783602006012e-02,4.222876209530620345e-02,4.221367238555542856e-02,4.220083183461700166e-02,4.218994964845232398e-02,4.218076249754446755e-02,4.217303455772008353e-02,4.216655662300362178e-02,4.216114461150008430e-02,4.215663770534056054e-02
0.000000000000000000e+00,9.789381053744313464e-04,3.235632305828702211e-03,6.067401807389250987e-03,9.015362093103237648e-03,1.195474796931338297e-02,1.481442022999039133e-02,1.755076804318734390e-02,2.013608200608783816e-02,2.255303043810575475e-02,2.479176674613340486e-02,2.684818864355109289e-02,2.872271742945745748e-02,3.041933330837744143e-02,3.194475947306387592e-02,3.330775532482711798e-02,3.451850308797770051e-02,3.558808285476738886e-02,3.652803209571527099e-02,3.734998649342722438e-02,3.806539413216939588e-02,3.868529543684209870e-02,3.922016491130096011e-02,3.967980127662412704e-02,4.007326018036096171e-02,4.040882272007897957e-02,4.069399077338448079e-02,4.093550328855697501e-02,4.113936797847072419e-02,4.131090354442289170e-02,4.145478954824382417e-02,4.157511863081905790e-02,4.167545108835137013e-02,4.175886861977493036e-02,4.182802637933543538e-02,4.189355599991214513e-02,4.217730952985033338e-02,4.238837014649638607e-02,4.253698505258927259e-02,4.263397168925311259e-02,4.268966890826289551e-02,4.271337960237630432e-02,4.271312936324413168e-02,4.269561967081664938e-02,4.266629451117794070e-02,4.264538406289249128e-02,4.305698234609777603e-02,4.334640248024943660e-02,4.353070186540842351e-02,4.362864195832143882e-02,4.365848162762389628e-02,4.363677436146549266e-02,4.357781471293002695e-02,4.349349096339359677e-02,4.339337865803732236e-02,4.328496244693588735e-02,4.317391599530619184e-02,4.306439402579419901e-02,4.295931200353503288e-02,4.286496431731171008e-02,4.290216639982858543e-02,4.291220824931491623e-02,4.290026161354677792e-02,4.287153204131007034e-02,4.283079557086583167e-02,4.278217751893766824e-02,4.272908114926619177e-02,4.267612859335231934e-02,4.267744435222114996e-02,4.266510584295000325e-02,4.264239059799810466e-02,4.261232812169925971e-02,4.257754444358347740e-02,4.254020825180920840e-02,4.250203723826054963e-02,4.246433791379161660e-02,4.242805900096591198e-02,4.239384951636489263e-02,4.236211524594604705e-02,4.233307688878650693e-02
0.000000000000000000e+00,9.789381053744313464e-04,3.258135347138822139e-03,6.126469893276999951e-03,9.095848038058075916e-03,1.208637673579864187e-02,1.508047440174325841e-02,1.790400596007262618e-02,2.054173253458539683e-02,2.298527333609368464e-02,2.523149820256229831e-02,2.728148116447971089e-02,2.913968562447149732e-02,3.081325838416012694e-02,3.231139336146322122e-02,3.364475851659241151e-02,3.482498763737845032e-02,3.586424090877210480e-02,3.677483600815267123e-02,3.756894804775150198e-02,3.825837404855993856e-02,3.885435463089183944e-02,3.936745114061607903e-02,3.980746348926417905e-02,4.018338733018455428e-02,4.050340108363788272e-02,4.077487619897286059e-02,4.100440507113039396e-02,4.119784160105288695e-02,4.136035003452975811e-02,4.149645951450290499e-02,4.161011964386324147e-02,4.170475714971653980e-02,4.178333087367575027e-02,4.184838435544367685e-02,4.190209465503243191e-02,4.194631763623430515e-02,4.198262933426000904e-02,4.201236329671612091e-02,4.203664398182502260e-02,4.205641638666531013e-02,4.207247214247539918e-02,4.208547234730809078e-02,4.209638496120667733e-02,4.211705050062176242e-02,4.213265604877770160e-02,4.214401647639950954e-02,4.215191250352495755e-02,4.215705073725847796e-02,4.216004608809824361e-02,4.216141797440009498e-02,4.216159458399037357e-02,4.216092135943665109e-02,4.215967147784584895e-02,4.215805685238589035e-02,4.215624172711668338e-02,4.215434366551219780e-02,4.215244886816264802e-02,4.215061772863101103e-02,4.214888917965319004e-02,4.214728694677880028e-02,4.214582356741102681e-02,4.214450412716132938e-02,4.214332697759819168e-02,4.214228613363604770e-02,4.214137293300539155e-02,4.214057719061355123e-02,4.213988802572527642e-02,4.213929445132998802e-02,4.213878578342718229e-02,4.213835190218916810e-02,4.213798341222386307e-02,4.213767172694073831e-02,4.213740910009153989e-02,4.213718861716517911e-02,4.213700416214637146e-02,4.213685036842781950e-02,4.216237616746831840e-02,4.289758624163060585e-02,4.344167391551444213e-02
0.000000000000000000e+00,9.789381053744313464e-04,3.113592716217563217e-03,5.818556905378165570e-03,8.791083885765433106e-03,1.175314899959741845e-02,1.463379476386475475e-02,1.738949073024162115e-02,1.999258271443470070e-02,2.248410867559491946e-02,2.517746067689948311e-02,2.756178501798769997e-02,2.965954264534789026e-02,3.149687148309035511e-02,3.312325031223611882e-02,3.452793537287611458e-02,3.573532936740102944e-02,3.676854009541811324e-02,3.764903893962970316e-02,3.839648048838412847e-02,3.902863812497882334e-02,3.957232482717287086e-02,4.027714743918415358e-02,4.083995023154125825e-02,4.128081839734563246e-02,4.161939881502452199e-02,4.187384630962685123e-02,4.206030440508794904e-02,4.219272261366842358e-02,4.228288765895148876e-02,4.234057393945984960e-02,4.237375557640191137e-02,4.238884144481226690e-02,4.239090884618552935e-02,4.238392290155226089e-02,4.237093430855744247e-02,4.235425323907152095e-02,4.233559570172834574e-02,4.231620746442429221e-02,4.229696594201082932e-02,4.227846907591861075e-02,4.226110038366162613e-02,4.225702881592616894e-02,4.258909754339207376e-02,4.282923954620141554e-02,4.299356248064480079e-02,4.318687765790200223e-02,4.330144949919226965e-02,4.335291164559075539e-02,4.335574092772572635e-02,4.332263684490314515e-02,4.326430075329906061e-02,4.320604145828142728e-02,4.358477307406342927e-02,4.383641120875986924e-02,4.398009399809861553e-02,4.403633150532498819e-02,4.402478086968707877e-02,4.396305294699898170e-02,4.386619574562288654e-02,4.374659286567497002e-02,4.361410462850484615e-02,4.347633521507428961e-02,4.333895307924639367e-02,4.320601746754509920e-02,4.308028724033879236e-02,4.296349141257686799e-02,4.285656993070695309e-02,4.275987453928992155e-02,4.267333301346915714e-02,4.259657060168181575e-02,4.252901449064823425e-02,4.246997244824778084e-02,4.241869183547811173e-02,4.237440264763272374e-02,4.233634797204421235e-02,4.232928122175300817e-02,4.303945416046150302e-02,4.356196310136797173e-02,4.391821397319981002e-02
0.000000000000000000e+00,9.789381053744313464e-04,3.113592716217563217e-03,5.749046094141875562e-03,8.583156990275073520e-03,1.145997552709084912e-02,1.429083252537717910e-02,1.702132445863976939e-02,1.961658916687863963e-02,2.205428376958976089e-02,2.432091545172958627e-02,2.640966896771324360e-02,2.831892764689585007e-02,3.005114240759866953e-02,3.161190112319516021e-02,3.300913799270686205e-02,3.425245596462388881e-02,3.535255040266355869e-02,3.632072790361050296e-02,3.716851258916584883e-02,3.790733237233499114e-02,3.854827578429204094e-02,3.910191609847168265e-02,3.957817988781651974e-02,3.998627681114363258e-02,4.036259129440575993e-02,4.136704774861916373e-02,4.214291590890734823e-02,4.271719905652896637e-02,4.312077110326149182e-02,4.338455673750076652e-02,4.353731200802993251e-02,4.360448832754554305e-02,4.360780473815668162e-02,4.356525517377434625e-02,4.349136826887924079e-02,4.339759631476569623e-02,4.329275104004318142e-02,4.318343865789854574e-02,4.307446399972173628e-02,4.296919159422147444e-02,4.286985529171849496e-02,4.277781620872064122e-02,4.269378354209332066e-02,4.264232869656320313e-02,4.328238334648651375e-02,4.374566114412323237e-02,4.405304503841422914e-02,4.422981220536342101e-02,4.430177503348699253e-02,4.429304090696622315e-02,4.422487075361664771e-02,4.411523737269276019e-02,4.397881661123668323e-02,4.382722433647409654e-02,4.366937554297365548e-02,4.351188872261234353e-02,4.335948672662405523e-02,4.321536765666152136e-02,4.308152991448530034e-02,4.295905392722669525e-02,4.284833943688305669e-02,4.274929516056177881e-02,4.266148270485255883e-02,4.258423674124973274e-02,4.251675640457534128e-02,4.245817265193759654e-02,4.240759790232772469e-02,4.236416084724243386e-02,4.232702996732781719e-02,4.229542845974256643e-02,4.226864270530212436e-02,4.224602598686561655e-02,4.222699881082985635e-02,4.221104688243897118e-02,4.219771753983436041e-02,4.218661528041100367e-02,4.217739676449042824e-02,4.216976561922625849e-02,4.216346735079865710e-02
0.000000000000000000e+00,9.789381053744313464e-04,3.113592716217563217e-03,5.749046094141875562e-03,8.583156990275073520e-03,1.145997552709084912e-02,1.429083252537717910e-02,1.702132445863976939e-02,1.961658916687863963e-02,2.205428376958976089e-02,2.432091545172958627e-02,2.640966896771324360e-02,2.831892764689585007e-02,3.005114240759866953e-02,3.161190112319516021e-02,3.300913799270686205e-02,3.425245596462388881e-02,3.535255040266355869e-02,3.632072790361050296e-02,3.716851258916584883e-02,3.790733237233499114e-02,3.854827578429204094e-02,3.910191609847168265e-02,3.957817988781651974e-02,3.998627681114363258e-02,4.033465189147152075e-02,4.063097495274143461e-02,4.088215124354208085e-02,4.109434901626723285e-02,4.127303888272858962e-02,4.142304191803569680e-02,4.154858077568117369e-02,4.165333386574372743e-02,4.174048913601934724e-02,4.181279643857891554e-02,4.187261716234060016e-02,4.192197040244976386e-02,4.196257570820796645e-02,4.199589199447038151e-02,4.202315259504862260e-02,4.204539655606392284e-02,4.206349635029353606e-02,4.207818224748402502e-02,4.209006360695692617e-02,4.209964736654718542e-02,4.210735396160280447e-02,4.211353115281771947e-02,4.211846579974221072e-02,4.212239386628241489e-02,4.212550891231815753e-02,4.212797232800674641e-02,4.212991069116741455e-02,4.213142894200673505e-02,4.213261222043676590e-02,4.213352939674187142e-02,4.213423600995010176e-02,4.213477670632146538e-02,4.213518725702661977e-02,4.213549622285107238e-02,4.213572631104513938e-02,4.213589543601096998e-02,4.213601773736030259e-02,4.213610434306502145e-02,4.213616396793055940e-02,4.213620340597851871e-02,4.213622792143147805e-02,4.213624156919893587e-02,4.213624744942381234e-02,4.213624791368637129e-02,4.213624472743749544e-02,4.213623938908575561e-02,4.213623267870033468e-02,4.213622500131105481e-02,4.213621725481367375e-02,4.213620973241288120e-02,4.213620262402322653e-02,4.213619592564608884e-02,4.213618985824982288e-02,4.213618443168431343e-02,4.213617962624740393e-02
0.000000000000000000e+00,9.789381053744313464e-04,3.113592716217563217e-03,5.749046094141875562e-03,8.583156990275073520e-03,1.145997552709084912e-02,1.429083252537717910e-02,1.706306200865007408e-02,1.986347615600510264e-02,2.244297610434897380e-02,2.480195201982987596e-02,2.694465302009701677e-02,2.887844072706701945e-02,3.061308765812496141e-02,3.216013354804905799e-02,3.353231059672044656e-02,3.474304328820273374e-02,3.580602502038800899e-02,3.673487173429396124e-02,3.754284628416620223e-02,3.824879301638322432e-02,3.899092885246013135e-02,3.961030482601437391e-02,4.012252081902088069e-02,4.054263651439130034e-02,4.088459704444311754e-02,4.116094574357322816e-02,4.138272591174214921e-02,4.155949749294161888e-02,4.169942559859223657e-02,4.180940592926986332e-02,4.189520602867461557e-02,4.196160911298275203e-02,4.201255195979197721e-02,4.205125212053472533e-02,4.208032250268572277e-02,4.210187166963302863e-02,4.211759039270480259e-02,4.212882621921549414e-02,4.213664656754972232e-02,4.214189162617398149e-02,4.214521833588374955e-02,4.214713657839069816e-02,4.214803921044521506e-02,4.214822639811881960e-02,4.214793001406351436e-02,4.214731664310154141e-02,4.214651187118791803e-02,4.214560689098421215e-02,4.214466718108956372e-02,4.214373635879811730e-02,4.214284415463982053e-02,4.214200762390683808e-02,4.214123901015483231e-02,4.214054346688564379e-02,4.213992165075151203e-02,4.213937131775574718e-02,4.213888840265771207e-02,4.213846778040242214e-02,4.213810380493839686e-02,4.213779068471568828e-02,4.215814914382066958e-02,4.275127511347108500e-02,4.318811676601735927e-02,4.348762705696707781e-02,4.370371932769066131e-02,4.461142568301038058e-02,4.604017314629664515e-02,4.705990730667450328e-02,4.771415102717261464e-02,4.805912447108155044e-02,4.815448809754616782e-02,4.805743671329767985e-02,4.781932821485954110e-02,4.748410698377544120e-02,4.708793345173432898e-02,4.665951980008638256e-02,4.622089324160695567e-02,4.578833103961504197e-02,4.537333230590640670e-02
0.000000000000000000e+00,1.142951032919404955e-03,3.496946042602498694e-03,6.247902859660643508e-03,9.139144323470760681e-03,1.203754957364826066e-02,1.486720954489357226e-02,1.758152360370217326e-02,2.015076233926662783e-02,2.256114369313491630e-02,2.482959860209086808e-02,2.690718427568590879e-02,2.883609196874960257e-02,3.103351052402405358e-02,3.292222736405223810e-02,3.453115064116155791e-02,3.589108624035175499e-02,3.703265682012742838e-02,3.798499156028622981e-02,3.877496708357651423e-02,3.942683080589906575e-02,3.996208329755399774e-02,4.039952825704669348e-02,4.075542578961383750e-02,4.104370266224707103e-02,4.130435641704463534e-02,4.221624582283382832e-02,4.290337418865695918e-02,4.339357797734752498e-02,4.371843617320460978e-02,4.390938161025884079e-02,4.399546305694528037e-02,4.400222168603071249e-02,4.395129246011388741e-02,4.386044717132790705e-02,4.374389064827025747e-02,4.361268292091014659e-02,4.347520350079665113e-02,4.333760957651454360e-02,4.320425782424622274e-02,4.307807892660883015e-02,4.296089306133041991e-02,4.285368021132456018e-02,4.276758245499547029e-02,4.299869620345080079e-02,4.315377695569502792e-02,4.324377063282046352e-02,4.328072841502490081e-02,4.327635242121495585e-02,4.324121108223180632e-02,4.318438640947089985e-02,4.311338704109889119e-02,4.303421678531938604e-02,4.295152561452227763e-02,4.286879558985709493e-02,4.278853434521733001e-02,4.271246043123897579e-02,4.264165928217106966e-02,4.257673565135015881e-02,4.251793426534016679e-02,4.246523660650113052e-02,4.241843620930271092e-02,4.237720189511894053e-02,4.234112624917800438e-02,4.230976196610813228e-02,4.228264855856423560e-02,4.225933134002102937e-02,4.223937440547546884e-02,4.222236900691953704e-02,4.220793844959683239e-02,4.219574043604914365e-02,4.218546749846863175e-02,4.217684614889217337e-02,4.216963517696505070e-02,4.216362341228244853e-02,4.215862719454016583e-02,4.215448772809771150e-02,4.215106596257183619e-02,4.214824712017540415e-02,4.214593170948140871e-02
0.000000000000000000e+00,9.789381053744313464e-04,3.113592716217563217e-03,5.749046094141875562e-03,8.583156990275073520e-03,1.145997552709084912e-02,1.429083252537717910e-02,1.702132445863976939e-02,1.961658916687863963e-02,2.205428376958976089e-02,2.432091545172958627e-02,2.640966896771324360e-02,2.831892764689585007e-02,3.005114240759866953e-02,3.161190112319516021e-02,3.300913799270686205e-02,3.425245596462388881e-02,3.535255040266355869e-02,3.632072790361050296e-02,3.716851258916584883e-02,3.790733237233499114e-02,3.854827578429204094e-02,3.910191609847168265e-02,3.957817988781651974e-02,3.998627681114363258e-02,4.033465189147152075e-02,4.063097495274143461e-02,4.088215124354208085e-02,4.109434901626723285e-02,4.127303888272858962e-02,4.142304191803569680e-02,4.154858077568117369e-02,4.165333386574372743e-02,4.174048913601934724e-02,4.181279643857891554e-02,4.187261716234060016e-02,4.192197040244976386e-02,4.196257570820796645e-02,4.199589199447038151e-02,4.202315259504862260e-02,4.204539655606392284e-02,4.206349635029353606e-02,4.207818224748402502e-02,4.209006360695692617e-02,4.209964736654718542e-02,4.210735396160280447e-02,4.211353115281771947e-02,4.211846579974221072e-02,4.212239386628241489e-02,4.212550891231815753e-02,4.212797232800674641e-02,4.212991069116741455e-02,4.213142894200673505e-02,4.213261222043676590e-02,4.213352939674187142e-02,4.213423600995010176e-02,4.213477670632146538e-02,4.213518725702661977e-02,4.213549622285107238e-02,4.213572631104513938e-02,4.213589543601096998e-02,4.213601773736030259e-02,4.213610434306502145e-02,4.213616396793055940e-02,4.213620340597851871e-02,4.213622792143147805e-02,4.213624156919893587e-02,4.213624744942381234e-02,4.213624791368637129e-02,4.213624472743749544e-02,4.213623938908575561e-02,4.213623267870033468e-02,4.213622500131105481e-02,4.213621725481367375e-02,4.213620973241288120e-02,4.213620262402322653e-02,4.213619592564608884e-02,4.213618985824982288e-02,4.213618443168431343e-02,4.213617962624740393e-02
0.000000000000000000e+00,1.055363028258795828e-03,3.291673203038815096e-03,5.980367403416353596e-03,8.840652607583354347e-03,1.172723524945724731e-02,1.455737174840335442e-02,1.728026700195169421e-02,1.986342440737949577e-02,2.228614091589732615e-02,2.453610411832476967e-02,2.660736670054416123e-02,2.849895468226290585e-02,3.021379222590593952e-02,3.175780929926127344e-02,3.313917900647245923e-02,3.436766147190122717e-02,3.545404460037702293e-02,3.640967695670883214e-02,3.724608552223619001e-02,3.797467161659293100e-02,3.860647568696502774e-02,3.915200644894934606e-02,3.962112122596291724e-02,4.002295024379414617e-02,4.036585884294024290e-02,4.065743783596838246e-02,4.090451602811136927e-02,4.111318913576915424e-02,4.128886003512136083e-02,4.143628735712782257e-02,4.155963686772305710e-02,4.166253565334842451e-02,4.174812575960501482e-02,4.181911633089736846e-02,4.187783284579923992e-02,4.192626295110746248e-02,4.196609881560512539e-02,4.199877564234862776e-02,4.202550633144366832e-02,4.204731240126920871e-02,4.206505135419227187e-02,4.207944072515564654e-02,4.209107908213090971e-02,4.210046424773696699e-02,4.210800898807237624e-02,4.211405463947305583e-02,4.211888269072797120e-02,4.212272462936686446e-02,4.212577029621216579e-02,4.212817810163019955e-02,4.213007195184110404e-02,4.213155469599929454e-02,4.213270975546545838e-02,4.213360459212896203e-02,4.213429359334616014e-02,4.213482046737839631e-02,4.213522022254235361e-02,4.213552080168148778e-02,4.213574440801809429e-02,4.213590855007145336e-02,4.213602705008343691e-02,4.213611077865003773e-02,4.213616824833017749e-02,4.213620609114858417e-02,4.213622944264606290e-02,4.213624225640604654e-02,4.213624755345186934e-02,4.213624762242398208e-02,4.213624418143050582e-02,4.213623869404625050e-02,4.213623157588972795e-02,4.213622398243672268e-02,4.213621632835119757e-02,4.213620890063661528e-02,4.213620188523155285e-02,4.213619527416011951e-02,4.213618929177099376e-02,4.213618394204025203e-02,4.213617920658667415e-02
0.000000000000000000e+00,1.028285890238715521e-03,3.228470794126261055e-03,5.898187534539152573e-03,8.749111856461945155e-03,1.163217726750280859e-02,1.446253722997122015e-02,1.718811270333229016e-02,1.977556379719928523e-02,2.220360207538189454e-02,2.445949334912574102e-02,2.653697999324178616e-02,2.843485816812633266e-02,3.015588275056505646e-02,3.170586132764920129e-02,3.309288153447423331e-02,3.432664726086131352e-02,3.541791329209002803e-02,3.637801315519750139e-02,3.721847277118179448e-02,3.795070292149696489e-02,3.858576118926487775e-02,3.913418034389652689e-02,3.960584028556285441e-02,4.000990061294270456e-02,4.035475507638514037e-02,4.064802265475950943e-02,4.089655939987581895e-02,4.110648687802764822e-02,4.128323210093499257e-02,4.143157594641835167e-02,4.155570444484347342e-02,4.165926296274501811e-02,4.174540989270423413e-02,4.181686887439960143e-02,4.187597817259100519e-02,4.192473662995677142e-02,4.196484616199418899e-02,4.199775041174443058e-02,4.202466955194115311e-02,4.204663133865714497e-02,4.206449860133874841e-02,4.207899340646820835e-02,4.209071816133112820e-02,4.210017393139978137e-02,4.210777621113237501e-02,4.211386862206253218e-02,4.211873456333426607e-02,4.212260711468270719e-02,4.212567743955336619e-02,4.212810500767268790e-02,4.213001467553924989e-02,4.213151003608069795e-02,4.213267512159236949e-02,4.213357789460742825e-02,4.213427315212609631e-02,4.213480493563033502e-02,4.213520852467585870e-02,4.213551208208850263e-02,4.213573798978140217e-02,4.213590390101386307e-02,4.213602375038558168e-02,4.213610850045627909e-02,4.213616673479711472e-02,4.213620514367669850e-02,4.213622890759641942e-02,4.213624201617249126e-02,4.213624751927853157e-02,4.213624772834903554e-02,4.213624437760565139e-02,4.213623894266568803e-02,4.213623184838156260e-02,4.213622426133670218e-02,4.213621660222505172e-02,4.213620916159929730e-02,4.213620212838852658e-02,4.213619549799264147e-02,4.213618949568690569e-02,4.213618412244560241e-02,4.213617936462840663e-02
0.000000000000000000e+00,9.789381053744313464e-04,3.113592716217563217e-03,5.749046094141875562e-03,8.583156990275073520e-03,1.145997552709084912e-02,1.429083252537717910e-02,1.702132445863976939e-02,1.961658916687863963e-02,2.205428376958976089e-02,2.432091545172958627e-02,2.640966896771324360e-02,2.831892764689585007e-02,3.005114240759866953e-02,3.161190112319516021e-02,3.300913799270686205e-02,3.425245596462388881e-02,3.535255040266355869e-02,3.632072790361050296e-02,3.716851258916584883e-02,3.790733237233499114e-02,3.854827578429204094e-02,3.910191609847168265e-02,3.957817988781651974e-02,3.998627681114363258e-02,4.033465189147152075e-02,4.063097495274143461e-02,4.088215124354208085e-02,4.109434901626723285e-02,4.127303888272858962e-02,4.142304191803569680e-02,4.154858077568117369e-02,4.165333386574372743e-02,4.174048913601934724e-02,4.181279643857891554e-02,4.187261716234060016e-02,4.192197040244976386e-02,4.196257570820796645e-02,4.199589199447038151e-02,4.202315259504862260e-02,4.204539655606392284e-02,4.206349635029353606e-02,4.207818224748402502e-02,4.209006360695692617e-02,4.209964736654718542e-02,4.210735396160280447e-02,4.211353115281771947e-02,4.211846579974221072e-02,4.212239386628241489e-02,4.212550891231815753e-02,4.212797232800674641e-02,4.212991069116741455e-02,4.213142894200673505e-02,4.213261222043676590e-02,4.213352939674187142e-02,4.213423600995010176e-02,4.213477670632146538e-02,4.213518725702661977e-02,4.213556472456143898e-02,4.213783924384158913e-02,4.213948546886706059e-02,4.214060163044060225e-02,4.214128631124387792e-02,4.214163096579127271e-02,4.214171781780661624e-02,4.214161449080301713e-02,4.214137740933860538e-02,4.214105172336254923e-02,4.214067306080354625e-02,4.214026864154489516e-02,4.213985945353037471e-02,4.213945897592571294e-02,4.213907709977028626e-02,4.213871969109967558e-02,4.213839047718150044e-02,4.213809117310628183e-02,4.213782256006642912e-02,4.213758383437213317e-02,4.213737344676454777e-02,4.213718939470188080e-02
0.000000000000000000e+00,9.789381053744313464e-04,3.113592716217563217e-03,5.749046094141875562e-03,8.583156990275073520e-03,1.145997552709084912e-02,1.429083252537717910e-02,1.702132445863976939e-02,1.961658916687863963e-02,2.205428376958976089e-02,2.434165535565542549e-02,2.661163150958193585e-02,2.865004846128992727e-02,3.046862398176961029e-02,3.209228641622261652e-02,3.367949536617327599e-02,3.504727348071906556e-02,3.621820069554607807e-02,3.721476713812713055e-02,3.805849794048812851e-02,3.876943085954422108e-02,3.936584082091371811e-02,3.986413367382560941e-02,4.027885255597599135e-02,4.062275620560149014e-02,4.090693994020441066e-02,4.114098221293893687e-02,4.133309641371391008e-02,4.149028494287644586e-02,4.161848658805737677e-02,4.172271411674319946e-02,4.180718012009943668e-02,4.187541029511161056e-02,4.193034422701166081e-02,4.197442414309136838e-02,4.200967160486755725e-02,4.203775430215090508e-02,4.206004350644641093e-02,4.207766315531234064e-02,4.209153156406669760e-02,4.210239670050267696e-02,4.211086588250934765e-02,4.211743061488863044e-02,4.212248742672816681e-02,4.212635526664490482e-02,4.212928982642623332e-02,4.213149537961512897e-02,4.213313847763720116e-02,4.213434460546673643e-02,4.213521548057080207e-02,4.213583111798312880e-02,4.213625415986150397e-02,4.213653339140294163e-02,4.213670658695264915e-02,4.213680279825402636e-02,4.213684406199596361e-02,4.213684703616702582e-02,4.213682423574506564e-02,4.213678495179419559e-02,4.213673598687558974e-02,4.213668256225401587e-02,4.213662776456782860e-02,4.213657331562638275e-02,4.213652186021699803e-02,4.213647412932279568e-02,4.213643058215679749e-02,4.213639140879262002e-02,4.213635657585756977e-02,4.213632590449507831e-02,4.213629912143861816e-02,4.213627590539723716e-02,4.213625591122106134e-02,4.213623879282826085e-02,4.213622421386158112e-02,4.213621185947593467e-02,4.213620143797198320e-02,4.213619268439065813e-02,4.213618536276209081e-02,4.213617926309262685e-02,4.213617420027406663e-02
0.000000000000000000e+00,9.789381053744313464e-04,3.113592716217563217e-03,5.749046094141875562e-03,8.583156990275073520e-03,1.145997552709084912e-02,1.429083252537717910e-02,1.702132445863976939e-02,1.961658916687863963e-02,2.205428376958976089e-02,2.432091545172958627e-02,2.640966896771324360e-02,2.831892764689585007e-02,3.005114240759866953e-02,3.161190112319516021e-02,3.300913799270686205e-02,3.425245596462388881e-02,3.535255040266355869e-02,3.632072790361050296e-02,3.716851258916584883e-02,3.790733237233499114e-02,3.854827578429204094e-02,3.910191609847168265e-02,3.957817988781651974e-02,3.998627681114363258e-02,4.033465189147152075e-02,4.063097495274143461e-02,4.088215124354208085e-02,4.109434901626723285e-02,4.127303888272858962e-02,4.142304191803569680e-02,4.154858077568117369e-02,4.165333386574372743e-02,4.174048913601934724e-02,4.181279643857891554e-02,4.187261716234060016e-02,4.192197040244976386e-02,4.196257570820796645e-02,4.199589199447038151e-02,4.202315259504862260e-02,4.204539655606392284e-02,4.206349635029353606e-02,4.207818224748402502e-02,4.209006360695692617e-02,4.209964736654718542e-02,4.210735396160280447e-02,4.211353115281771947e-02,4.211846579974221072e-02,4.212239386628241489e-02,4.212550891231815753e-02,4.212797232800674641e-02,4.212991069116741455e-02,4.213142894200673505e-02,4.213261222043676590e-02,4.213352939674187142e-02,4.213423600995010176e-02,4.213477670632146538e-02,4.213518725702661977e-02,4.213549622285107238e-02,4.213572631104513938e-02,4.213589543601096998e-02,4.213601773736030259e-02,4.213610434306502145e-02,4.213616396793055940e-02,4.213620340597851871e-02,4.213622792143147805e-02,4.213624156919893587e-02,4.213624744942381234e-02,4.213624791368637129e-02,4.213624472743749544e-02,4.213623938908575561e-02,4.213623267870033468e-02,4.213622500131105481e-02,4.213621725481367375e-02,4.213620973241288120e-02,4.213620262402322653e-02,4.213619592564608884e-02,4.213618985824982288e-02,4.213618443168431343e-02,4.213617962624740393e-02
0.000000000000000000e+00,9.789381053744313464e-04,3.113592716217563217e-03,5.749046094141875562e-03,8.583156990275073520e-03,1.145997552709084912e-02,1.429083252537717910e-02,1.702132445863976939e-02,1.961658916687863963e-02,2.205428376958976089e-02,2.432091545172958627e-02,2.640966896771324360e-02,2.831892764689585007e-02,3.005114240759866953e-02,3.161190112319516021e-02,3.300913799270686205e-02,3.425245596462388881e-02,3.535255040266355869e-02,3.632072790361050296e-02,3.716851258916584883e-02,3.790733237233499114e-02,3.854827578429204094e-02,3.910191609847168265e-02,3.957817988781651974e-02,3.998627681114363258e-02,4.033465189147152075e-02,4.063097495274143461e-02,4.088215124354208085e-02,4.109434901626723285e-02,4.127303888272858962e-02,4.142304191803569680e-02,4.154858077568117369e-02,4.165333386574372743e-02,4.174048913601934724e-02,4.181279643857891554e-02,4.187261716234060016e-02,4.192197040244976386e-02,4.196257570820796645e-02,4.199589199447038151e-02,4.202315259504862260e-02,4.204539655606392284e-02,4.206349635029353606e-02,4.207818224748402502e-02,4.209006360695692617e-02,4.209964736654718542e-02,4.210735396160280447e-02,4.211353115281771947e-02,4.211846579974221072e-02,4.212239386628241489e-02,4.212550891231815753e-02,4.212797232800674641e-02,4.212991069116741455e-02,4.213142894200673505e-02,4.213261222043676590e-02,4.213352939674187142e-02,4.213423600995010176e-02,4.213477670632146538e-02,4.213518725702661977e-02,4.213549622285107238e-02,4.213572631104513938e-02,4.213589543601096998e-02,4.213601773736030259e-02,4.213610434306502145e-02,4.213616396793055940e-02,4.213620340597851871e-02,4.213622792143147805e-02,4.213624156919893587e-02,4.213624744942381234e-02,4.213624791368637129e-02,4.213624472743749544e-02,4.213623938908575561e-02,4.213623267870033468e-02,4.213622500131105481e-02,4.213621725481367375e-02,4.213620973241288120e-02,4.213620262402322653e-02,4.213619592564608884e-02,4.213618985824982288e-02,4.213618443168431343e-02,4.213617962624740393e-02
0.000000000000000000e+00,9.789381053744313464e-04,3.258135347138822139e-03,6.126469893276999951e-03,9.095848038058075916e-03,1.204712294780386876e-02,1.491235824814554807e-02,1.764993777964249735e-02,2.023348649917958153e-02,2.264661435155691446e-02,2.488016354791428020e-02,2.693054625420735620e-02,2.879857124879162122e-02,3.048851002690259812e-02,3.200730230403806692e-02,3.336386500764960267e-02,3.456849105079549261e-02,3.563233406042976698e-02,3.656697580712939960e-02,3.738407348456927737e-02,3.809507927891833678e-02,3.871102471975895049e-02,3.924236609181937230e-02,3.969887742949836096e-02,4.008958567456237521e-02,4.042274102782954237e-02,4.070581371018463374e-02,4.094551132708375285e-02,4.114781134089096765e-02,4.131800383609757904e-02,4.146074172440513544e-02,4.158009317012935357e-02,4.167959624005736913e-02,4.176231264496577111e-02,4.183087972571260249e-02,4.188755920488537038e-02,4.193428257764301309e-02,4.197269287906026103e-02,4.200418257239692948e-02,4.202992758083437530e-02,4.205091759017100944e-02,4.206798282567334596e-02,4.208181754965261562e-02,4.209300055425312798e-02,4.210201291140821395e-02,4.210925326621485498e-02,4.211505109593093044e-02,4.211967795348243310e-02,4.212335702837503859e-02,4.212627125251768717e-02,4.212857349749471458e-02,4.213038268098021066e-02,4.213179774642564213e-02,4.213289889866109889e-02,4.213375095856220637e-02,4.213440615150051971e-02,4.213490641956715854e-02,4.213528533386173835e-02,4.213556967073141257e-02,4.213578067398257576e-02,4.213593509035743617e-02,4.213604613506011232e-02,4.213612419417752525e-02,4.213617739055827704e-02,4.213621204584513252e-02,4.213623305033972755e-02,4.213624416321695015e-02,4.213624825190680212e-02,4.213624748625457300e-02,4.213624348926300889e-02,4.213623766109011320e-02,4.213623036252385490e-02,4.213622269055317116e-02,4.213621502689895298e-02,4.213620763834864669e-02,4.213620069400791229e-02,4.213619417974921733e-02,4.213618830069239263e-02,4.213618305387011043e-02,4.213617842016715437e-02
0.000000000000000000e+00,9.789381053744313464e-04,3.113592716217563217e-03,5.749046094141875562e-03,8.583156990275073520e-03,1.145997552709084912e-02,1.429083252537717910e-02,1.702132445863976939e-02,1.961658916687863963e-02,2.205428376958976089e-02,2.432091545172958627e-02,2.640966896771324360e-02,2.831892764689585007e-02,3.005114240759866953e-02,3.161190112319516021e-02,3.300913799270686205e-02,3.425245596462388881e-02,3.535255040266355869e-02,3.632072790361050296e-02,3.716851258916584883e-02,3.790733237233499114e-02,3.854827578429204094e-02,3.910191609847168265e-02,3.957817988781651974e-02,3.998627681114363258e-02,4.033465189147152075e-02,4.063097495274143461e-02,4.088215124354208085e-02,4.109434901626723285e-02,4.127303888272858962e-02,4.142304191803569680e-02,4.154858077568117369e-02,4.165333386574372743e-02,4.174048913601934724e-02,4.181279643857891554e-02,4.187261716234060016e-02,4.192197040244976386e-02,4.196257570820796645e-02,4.199589199447038151e-02,4.202315259504862260e-02,4.204539655606392284e-02,4.206349635029353606e-02,4.207818224748402502e-02,4.209006360695692617e-02,4.209964736654718542e-02,4.210735396160280447e-02,4.211353115281771947e-02,4.211846579974221072e-02,4.212239386628241489e-02,4.212550891231815753e-02,4.212797232800674641e-02,4.212991069116741455e-02,4.213142894200673505e-02,4.213261222043676590e-02,4.213352939674187142e-02,4.213423600995010176e-02,4.213477670632146538e-02,4.213518725702661977e-02,4.213549622285107238e-02,4.213572631104513938e-02,4.213589543601096998e-02,4.213601773736030259e-02,4.213610434306502145e-02,4.213616396793055940e-02,4.213620340597851871e-02,4.213622792143147805e-02,4.213624156919893587e-02,4.213624744942381234e-02,4.213624791368637129e-02,4.213624472743749544e-02,4.213623938908575561e-02,4.213623267870033468e-02,4.213622500131105481e-02,4.213621725481367375e-02,4.213620973241288120e-02,4.213620262402322653e-02,4.213619592564608884e-02,4.213618985824982288e-02,4.213618443168431343e-02,4.213617962624740393e-02
0.000000000000000000e+00,9.789381053744313464e-04,3.113592716217563217e-03,5.749046094141875562e-03,8.583156990275073520e-03,1.145997552709084912e-02,1.429083252537717910e-02,1.702132445863976939e-02,1.961658916687863963e-02,2.205428376958976089e-02,2.432091545172958627e-02,2.640966896771324360e-02,2.831892764689585007e-02,3.005114240759866953e-02,3.161190112319516021e-02,3.300913799270686205e-02,3.425245596462388881e-02,3.535255040266355869e-02,3.632072790361050296e-02,3.716851258916584883e-02,3.790733237233499114e-02,3.854827578429204094e-02,3.910191609847168265e-02,3.957817988781651974e-02,3.998627681114363258e-02,4.033465189147152075e-02,4.063097495274143461e-02,4.088215124354208085e-02,4.109434901626723285e-02,4.127303888272858962e-02,4.142304191803569680e-02,4.154858077568117369e-02,4.165333386574372743e-02,4.174048913601934724e-02,4.181279643857891554e-02,4.187261716234060016e-02,4.192197040244976386e-02,4.196257570820796645e-02,4.199589199447038151e-02,4.202315259504862260e-02,4.204539655606392284e-02,4.206349635029353606e-02,4.207818224748402502e-02,4.209006360695692617e-02,4.209964736654718542e-02,4.210735396160280447e-02,4.211353115281771947e-02,4.211846579974221072e-02,4.212239386628241489e-02,4.212550891231815753e-02,4.212797232800674641e-02,4.212991069116741455e-02,4.213142894200673505e-02,4.213261222043676590e-02,4.213352939674187142e-02,4.213423600995010176e-02,4.213477670632146538e-02,4.213518725702661977e-02,4.213549622285107238e-02,4.213572631104513938e-02,4.213589543601096998e-02,4.213601773736030259e-02,4.213610434306502145e-02,4.213616396793055940e-02,4.213620340597851871e-02,4.213622792143147805e-02,4.213624156919893587e-02,4.213624744942381234e-02,4.213624791368637129e-02,4.213624472743749544e-02,4.213623938908575561e-02,4.213623267870033468e-02,4.213622500131105481e-02,4.213621725481367375e-02,4.213620973241288120e-02,4.213620262402322653e-02,4.213619592564608884e-02,4.213618985824982288e-02,4.213618443168431343e-02,4.213617962624740393e-02
0.000000000000000000e+00,9.789381053744313464e-04,3.180357344508805573e-03,5.922797229466141011e-03,8.818714532149166813e-03,1.172936769350180382e-02,1.457570995591039691e-02,1.730923653187591699e-02,1.989898073074896842e-02,2.232532129584325134e-02,2.457674165414881068e-02,2.664789483076814361e-02,2.853826599721558457e-02,3.025113231720050547e-02,3.179269476210635353e-02,3.317133300113123129e-02,3.439696263030003753e-02,3.548048639434119716e-02,3.643333546677605256e-02,3.726709395845140965e-02,3.799320039543935962e-02,3.862271702255282851e-02,3.916616268489025304e-02,3.963339607499859890e-02,4.003354253144320030e-02,4.037495814500798030e-02,4.066522162858116074e-02,4.091114800885672920e-02,4.111881843456731411e-02,4.129362108726974956e-02,4.144030024480158114e-02,4.156300799616910457e-02,4.166535863722608396e-02,4.175048243330392594e-02,4.182107782245646915e-02,4.187946063999334334e-02,4.192760993559940808e-02,4.196721027547587607e-02,4.199969018764124901e-02,4.202625674959072771e-02,4.204792642979454653e-02,4.206555237412455683e-02,4.207984837808157602e-02,4.209140981405155163e-02,4.210073178372248509e-02,4.210822474795370557e-02,4.211422809836121856e-02,4.211902168739264235e-02,4.212283563034373984e-02,4.212585862089368582e-02,4.212824814670395462e-02,4.213012727903440308e-02,4.213159821148101253e-02,4.213274382359249309e-02,4.213363113045775349e-02,4.213431415285726067e-02,4.213483629819880782e-02,4.213523232941896596e-02,4.213552998934295274e-02,4.213575131643757660e-02,4.213591368727172271e-02,4.213603081815956580e-02,4.213611349654404481e-02,4.213617016698170681e-02,4.213620740574159501e-02,4.213623030561625127e-02,4.213624278598077783e-02,4.213624784057819900e-02,4.213624773733747747e-02,4.213624417624954599e-02,4.213623860887692057e-02,4.213623144235312257e-02,4.213622382253961324e-02,4.213621615517479380e-02,4.213620872462400802e-02,4.213620171346641602e-02,4.213619511347709706e-02,4.213618914387801812e-02,4.213618380901369698e-02,4.213617908654725130e-02
0.000000000000000000e+00,9.789381053744313464e-04,3.113592716217563217e-03,5.808456893042546199e-03,8.760777689878221364e-03,1.171033853938754921e-02,1.458364707983042519e-02,1.733560441515205955e-02,1.993750984601771678e-02,2.237134792834727728e-02,2.462679166757665225e-02,2.669940042342866873e-02,2.858936067055212540e-02,3.030049559510279711e-02,3.183943102819860455e-02,3.321487521100733448e-02,3.443699509568821926e-02,3.551688269477733251e-02,3.646610867290320940e-02,3.729635685484322671e-02,3.801913403647100981e-02,3.864554612083424129e-02,3.918613672218198424e-02,3.965077487803245204e-02,4.004858575171377222e-02,4.038791770004244996e-02,4.067633653319018688e-02,4.092064107552565583e-02,4.112689441100815524e-02,4.130046587904640659e-02,4.144608092396493554e-02,4.156787338293439771e-02,4.166944026105875304e-02,4.175389573553707490e-02,4.182392350034027512e-02,4.188182601922674220e-02,4.192957035109329267e-02,4.196883040511625862e-02,4.200102531182862975e-02,4.202735391906171902e-02,4.204882553352810859e-02,4.206628710406953159e-02,4.208044709121981641e-02,4.209189629666396787e-02,4.210112592139443610e-02,4.210854311401916739e-02,4.211448446614760033e-02,4.211922746950487462e-02,4.212300025604114734e-02,4.212598985859724449e-02,4.212835242730408186e-02,4.213020982025975775e-02,4.213166327679200573e-02,4.213279488671983070e-02,4.213367101336789461e-02,4.213434514131393638e-02,4.213486023768465288e-02,4.213525070555534935e-02,4.213554399403026535e-02,4.213576189888694479e-02,4.213592160269562931e-02,4.213603666692460753e-02,4.213611775327204267e-02,4.213617320601359406e-02,4.213620952093261041e-02,4.213623172689333340e-02,4.213624369205539594e-02,4.213624836902056525e-02,4.213624799299180157e-02,4.213624423997178875e-02,4.213623854483689035e-02,4.213623129709937604e-02,4.213622362680170819e-02,4.213621593252148828e-02,4.213620849172083210e-02,4.213620148207985333e-02,4.213619488898359688e-02,4.213618893668760745e-02,4.213618361633475473e-02,4.213617891330329740e-02
0.000000000000000000e+00,9.789381053744313464e-04,3.113592716217563217e-03,5.749046094141875562e-03,8.583156990275073520e-03,1.155752247532616794e-02,1.469720634123904482e-02,1.763365852594496810e-02,2.035875395098628304e-02,2.292738558267832724e-02,2.567241580911994517e-02,2.808246505450694500e-02,3.018568314461461330e-02,3.201106769608762920e-02,3.358735149546212412e-02,3.494220301716725180e-02,3.610169255614124884e-02,3.708996830679414658e-02,3.792909110017201463e-02,3.863898529552779043e-02,3.923747189089920456e-02,3.974035741098602692e-02,4.016155865141811387e-02,4.051324842808461807e-02,4.080601127822212210e-02,4.104900059406829671e-02,4.125009481284060836e-02,4.141604204309217580e-02,4.155259803492888232e-02,4.166465235001703266e-02,4.175634291050735192e-02,4.183115888100632368e-02,4.189203231958252283e-02,4.194141914819862066e-02,4.198136954735615101e-02,4.201358964453132117e-02,4.203949495867600333e-02,4.206025642713995261e-02,4.207683985204123400e-02,4.209003955282771686e-02,4.210050695676072902e-02,4.210877477857780798e-02,4.211527734819532631e-02,4.212036786119574550e-02,4.212433272670598750e-02,4.212740351468234612e-02,4.212976962497586714e-02,4.213157900857705807e-02,4.213295163220933531e-02,4.213398330084572319e-02,4.213475024720656631e-02,4.213531289824742204e-02,4.213571895601477685e-02,4.213600591110720078e-02,4.213620308722432206e-02,4.213633323586781637e-02,4.213641387486809220e-02,4.213645848771366276e-02,4.213647738054947939e-02,4.213647836726173296e-02,4.213646731320494498e-02,4.213644857009115480e-02,4.213642556358419833e-02,4.213640037848292302e-02,4.213637406033263200e-02,4.213634853500713290e-02,4.213632443076365669e-02,4.213630200266774151e-02,4.213628158124191336e-02,4.213626323842245558e-02,4.213624694865086145e-02,4.213623262060544467e-02,4.213622012252903754e-02,4.213620930123010422e-02,4.213619999211620087e-02,4.213619203094881582e-02,4.213618526000291464e-02,4.213617952921602794e-02,4.213617470158811940e-02,4.213617065296598740e-02
0.000000000000000000e+00,9.789381053744313464e-04,3.258135347138822139e-03,6.126469893276999951e-03,9.095848038058075916e-03,1.204712294780386876e-02,1.491235824814554807e-02,1.764993777964249735e-02,2.023348649917958153e-02,2.264661435155691446e-02,2.488016354791428020e-02,2.693054625420735620e-02,2.879857124879162122e-02,3.048851002690259812e-02,3.200730230403806692e-02,3.336386500764960267e-02,3.456849105079549261e-02,3.563233406042976698e-02,3.656697580712939960e-02,3.738407348456927737e-02,3.809507927891833678e-02,3.871102471975895049e-02,3.924236609181937230e-02,3.969887742949836096e-02,4.008958567456237521e-02,4.042274102782954237e-02,4.070581371018463374e-02,4.094551132708375285e-02,4.114781134089096765e-02,4.131800383609757904e-02,4.146074172440513544e-02,4.158009317012935357e-02,4.167959624005736913e-02,4.176231264496577111e-02,4.183087972571260249e-02,4.188755920488537038e-02,4.193428257764301309e-02,4.197269287906026103e-02,4.200418257239692948e-02,4.202992758083437530e-02,4.205091759017100944e-02,4.206798282567334596e-02,4.208181754965261562e-02,4.209300055425312798e-02,4.210201291140821395e-02,4.210925326621485498e-02,4.211505109593093044e-02,4.211967795348243310e-02,4.212335702837503859e-02,4.212627125251768717e-02,4.212857349749471458e-02,4.213038268098021066e-02,4.213179774642564213e-02,4.213289889866109889e-02,4.213375095856220637e-02,4.213440615150051971e-02,4.213490641956715854e-02,4.213528533386173835e-02,4.213556967073141257e-02,4.213578067398257576e-02,4.213593509035743617e-02,4.213604613506011232e-02,4.213612419417752525e-02,4.213617739055827704e-02,4.213621204584513252e-02,4.213623305033972755e-02,4.213624416321695015e-02,4.213624825190680212e-02,4.213624748625457300e-02,4.213624348926300889e-02,4.213623766109011320e-02,4.213623036252385490e-02,4.213622269055317116e-02,4.213621502689895298e-02,4.213620763834864669e-02,4.213620069400791229e-02,4.213619417974921733e-02,4.213618830069239263e-02,4.213618305387011043e-02,4.213617842016715437e-02
0.000000000000000000e+00,9.789381053744313464e-04,3.113592716217563217e-03,5.749046094141875562e-03,8.583156990275073520e-03,1.145997552709084912e-02,1.429083252537717910e-02,1.702132445863976939e-02,1.961658916687863963e-02,2.205428376958976089e-02,2.432091545172958627e-02,2.640966896771324360e-02,2.831892764689585007e-02,3.005114240759866953e-02,3.161190112319516021e-02,3.300913799270686205e-02,3.425245596462388881e-02,3.535255040266355869e-02,3.632072790361050296e-02,3.716851258916584883e-02,3.790733237233499114e-02,3.854827578429204094e-02,3.910191609847168265e-02,3.957817988781651974e-02,3.998627681114363258e-02,4.033465189147152075e-02,4.063097495274143461e-02,4.088215124354208085e-02,4.109434901626723285e-02,4.127303888272858962e-02,4.142304191803569680e-02,4.154858077568117369e-02,4.165333386574372743e-02,4.174048913601934724e-02,4.181279643857891554e-02,4.187261716234060016e-02,4.192197040244976386e-02,4.196257570820796645e-02,4.199589199447038151e-02,4.202315259504862260e-02,4.204539655606392284e-02,4.206349635029353606e-02,4.207818224748402502e-02,4.209006360695692617e-02,4.209964736654718542e-02,4.210735396160280447e-02,4.211353115281771947e-02,4.211846579974221072e-02,4.212239386628241489e-02,4.212550891231815753e-02,4.212797232800674641e-02,4.212991069116741455e-02,4.213142894200673505e-02,4.213261222043676590e-02,4.213352939674187142e-02,4.213423600995010176e-02,4.213477670632146538e-02,4.213518725702661977e-02,4.213549622285107238e-02,4.213572631104513938e-02,4.213589543601096998e-02,4.213601773736030259e-02,4.213610434306502145e-02,4.213616396793055940e-02,4.213620340597851871e-02,4.213622792143147805e-02,4.213624156919893587e-02,4.213624744942381234e-02,4.213624791368637129e-02,4.213624472743749544e-02,4.213623938908575561e-02,4.213623267870033468e-02,4.213622500131105481e-02,4.213621725481367375e-02,4.213620973241288120e-02,4.213620262402322653e-02,4.213619592564608884e-02,4.213618985824982288e-02,4.213618443168431343e-02,4.213617962624740393e-02
0.000000000000000000e+00,9.789381053744313464e-04,3.113592716217563217e-03,5.749046094141875562e-03,8.583156990275073520e-03,1.145997552709084912e-02,1.429083252537717910e-02,1.702132445863976939e-02,1.961658916687863963e-02,2.205428376958976089e-02,2.432091545172958627e-02,2.640966896771324360e-02,2.831892764689585007e-02,3.005114240759866953e-02,3.161190112319516021e-02,3.300913799270686205e-02,3.425245596462388881e-02,3.535255040266355869e-02,3.632072790361050296e-02,3.716851258916584883e-02,3.790733237233499114e-02,3.854827578429204094e-02,3.910191609847168265e-02,3.957817988781651974e-02,3.998627681114363258e-02,4.033465189147152075e-02,4.063097495274143461e-02,4.088215124354208085e-02,4.109434901626723285e-02,4.127303888272858962e-02,4.142304191803569680e-02,4.154858077568117369e-02,4.165333386574372743e-02,4.174048913601934724e-02,4.181279643857891554e-02,4.187261716234060016e-02,4.192197040244976386e-02,4.196257570820796645e-02,4.199589199447038151e-02,4.202315259504862260e-02,4.204539655606392284e-02,4.206349635029353606e-02,4.207818224748402502e-02,4.209006360695692617e-02,4.209964736654718542e-02,4.210735396160280447e-02,4.211353115281771947e-02,4.211846579974221072e-02,4.212239386628241489e-02,4.212550891231815753e-02,4.212797232800674641e-02,4.212991069116741455e-02,4.213142894200673505e-02,4.213261222043676590e-02,4.213352939674187142e-02,4.213423600995010176e-02,4.213477670632146538e-02,4.213518725702661977e-02,4.213549622285107238e-02,4.213572631104513938e-02,4.213589543601096998e-02,4.213601773736030259e-02,4.213610434306502145e-02,4.213616396793055940e-02,4.213620340597851871e-02,4.213622792143147805e-02,4.213624156919893587e-02,4.213624744942381234e-02,4.213624791368637129e-02,4.213624472743749544e-02,4.213623938908575561e-02,4.213623267870033468e-02,4.213622500131105481e-02,4.213621725481367375e-02,4.213620973241288120e-02,4.213620262402322653e-02,4.213619592564608884e-02,4.213618985824982288e-02,4.213618443168431343e-02,4.213617962624740393e-02
0.000000000000000000e+00,9.789381053744313464e-04,3.113592716217563217e-03,5.749046094141875562e-03,8.583156990275073520e-03,1.145997552709084912e-02,1.429083252537717910e-02,1.702132445863976939e-02,1.961658916687863963e-02,2.205428376958976089e-02,2.432091545172958627e-02,2.640966896771324360e-02,2.831892764689585007e-02,3.005114240759866953e-02,3.161190112319516021e-02,3.300913799270686205e-02,3.425245596462388881e-02,3.535255040266355869e-02,3.632072790361050296e-02,3.716851258916584883e-02,3.790733237233499114e-02,3.854827578429204094e-02,3.910191609847168265e-02,3.957817988781651974e-02,3.998627681114363258e-02,4.033465189147152075e-02,4.063097495274143461e-02,4.088215124354208085e-02,4.109434901626723285e-02,4.127303888272858962e-02,4.142304191803569680e-02,4.154858077568117369e-02,4.165333386574372743e-02,4.174048913601934724e-02,4.181279643857891554e-02,4.187261716234060016e-02,4.192197040244976386e-02,4.196257570820796645e-02,4.199589199447038151e-02,4.202315259504862260e-02,4.204539655606392284e-02,4.206349635029353606e-02,4.207818224748402502e-02,4.209006360695692617e-02,4.209964736654718542e-02,4.210735396160280447e-02,4.211353115281771947e-02,4.211846579974221072e-02,4.212239386628241489e-02,4.212550891231815753e-02,4.212797232800674641e-02,4.212991069116741455e-02,4.213142894200673505e-02,4.213261222043676590e-02,4.213352939674187142e-02,4.213423600995010176e-02,4.213477670632146538e-02,4.213518725702661977e-02,4.213549622285107238e-02,4.213572631104513938e-02,4.213589543601096998e-02,4.213601773736030259e-02,4.213610434306502145e-02,4.213616396793055940e-02,4.213620340597851871e-02,4.213622792143147805e-02,4.213624156919893587e-02,4.213624744942381234e-02,4.213624791368637129e-02,4.213624472743749544e-02,4.213623938908575561e-02,4.213623267870033468e-02,4.213622500131105481e-02,4.213621725481367375e-02,4.213620973241288120e-02,4.213620262402322653e-02,4.213619592564608884e-02,4.213618985824982288e-02,4.213618443168431343e-02,4.213617962624740393e-02
0.000000000000000000e+00,9.789381053744313464e-04,3.113592716217563217e-03,5.749046094141875562e-03,8.583156990275073520e-03,1.145997552709084912e-02,1.429083252537717910e-02,1.702132445863976939e-02,1.961658916687863963e-02,2.205428376958976089e-02,2.432091545172958627e-02,2.640966896771324360e-02,2.831892764689585007e-02,3.005114240759866953e-02,3.161190112319516021e-02,3.300913799270686205e-02,3.425245596462388881e-02,3.535255040266355869e-02,3.632072790361050296e-02,3.716851258916584883e-02,3.790733237233499114e-02,3.854827578429204094e-02,3.910191609847168265e-02,3.957817988781651974e-02,3.998627681114363258e-02,4.033465189147152075e-02,4.063097495274143461e-02,4.088215124354208085e-02,4.109434901626723285e-02,4.127303888272858962e-02,4.142304191803569680e-02,4.154858077568117369e-02,4.165333386574372743e-02,4.174048913601934724e-02,4.181279643857891554e-02,4.187261716234060016e-02,4.192197040244976386e-02,4.196257570820796645e-02,4.199589199447038151e-02,4.202315259504862260e-02,4.204539655606392284e-02,4.206349635029353606e-02,4.207818224748402502e-02,4.209006360695692617e-02,4.209964736654718542e-02,4.210735396160280447e-02,4.211353115281771947e-02,4.211846579974221072e-02,4.212239386628241489e-02,4.212550891231815753e-02,4.212797232800674641e-02,4.212991069116741455e-02,4.213142894200673505e-02,4.213261222043676590e-02,4.213352939674187142e-02,4.213423600995010176e-02,4.213477670632146538e-02,4.213518725702661977e-02,4.213549622285107238e-02,4.213572631104513938e-02,4.213589543601096998e-02,4.213601773736030259e-02,4.213610434306502145e-02,4.213616396793055940e-02,4.213620340597851871e-02,4.213622792143147805e-02,4.213624156919893587e-02,4.213624744942381234e-02,4.213624791368637129e-02,4.213624472743749544e-02,4.213623938908575561e-02,4.213623267870033468e-02,4.213622500131105481e-02,4.213621725481367375e-02,4.213620973241288120e-02,4.213620262402322653e-02,4.213619592564608884e-02,4.213618985824982288e-02,4.213618443168431343e-02,4.213617962624740393e-02
0.000000000000000000e+00,9.789381053744313464e-04,3.113592716217563217e-03,5.876046167232783397e-03,8.964202647942932922e-03,1.199821999017286131e-02,1.492131275036796649e-02,1.769880022949684578e-02,2.030897778670259432e-02,2.273879844902701106e-02,2.498160099470692064e-02,2.703571180775988028e-02,2.890342824358438367e-02,3.059018538831429629e-02,3.210383132295469011e-02,3.345398748669856093e-02,3.465148721016628186e-02,3.570789217139432731e-02,3.663508587858334276e-02,3.744494213233690721e-02,3.814906233747374087e-02,3.875857442314668833e-02,3.928399048198412402e-02,3.973510930601226870e-02,4.012095990169026183e-02,4.044977817801856390e-02,4.072900882535471917e-02,4.096532668424920226e-02,4.116467229852747989e-02,4.133229700870278550e-02,4.147281484706522720e-02,4.159025619690964043e-02,4.168812326324466272e-02,4.176944434509718279e-02,4.183682611914044114e-02,4.189250247865823618e-02,4.193837994587545220e-02,4.197607934827274345e-02,4.200697355686108109e-02,4.203222133110528363e-02,4.205279741553440837e-02,4.206951910244052795e-02,4.208306951847725491e-02,4.209401791315858787e-02,4.210283721142857316e-02,4.210991914305475814e-02,4.211558733656409204e-02,4.212010841315212001e-02,4.212370141838731735e-02,4.212654581377854590e-02,4.212879167902222610e-02,4.213055539245508935e-02,4.213193390301426394e-02,4.213300576450947077e-02,4.213383443535761996e-02,4.213447101970627107e-02,4.213495653939627189e-02,4.213532381290974183e-02,4.213559900239591954e-02,4.213580284163111894e-02,4.213595167441003264e-02,4.213605839152188143e-02,4.213613311622119856e-02,4.213618376222309780e-02,4.213621648337417119e-02,4.213623603416475488e-02,4.213624606622653340e-02,4.213624936297343665e-02,4.213624802623600757e-02,4.213624362576932209e-02,4.213623752690520002e-02,4.213623005810769595e-02,4.213622228105782380e-02,4.213621456123651382e-02,4.213620715127332217e-02,4.213620020999138405e-02,4.213619372055053824e-02,4.213618787549489042e-02,4.213618266622332770e-02,4.213617806943936728e-02
0.000000000000000000e+00,9.789381053744313464e-04,3.113592716217563217e-03,5.749046094141875562e-03,8.583156990275073520e-03,1.146384462885361236e-02,1.430683622235163523e-02,1.704532989802994697e-02,1.964558458168994687e-02,2.208604274632775324e-02,2.435379059044521025e-02,2.644245384123549564e-02,2.835075765377968390e-02,3.008141970987102121e-02,3.164023581336714713e-02,3.303530101919466277e-02,3.427634109536639023e-02,3.537414341566874620e-02,3.634008174304257516e-02,3.718572740934451837e-02,3.792253971396872952e-02,3.856162617354319533e-02,3.911356953233733474e-02,3.958829862344659389e-02,3.999502011145334573e-02,4.034217232427086963e-02,4.063741591613170140e-02,4.088764545654683530e-02,4.109901775044740024e-02,4.127699175144858984e-02,4.142637706556616395e-02,4.155138535565762459e-02,4.165568470607518281e-02,4.174245351742036231e-02,4.181443293645330933e-02,4.187397648928881111e-02,4.192309624298540954e-02,4.196350551762177000e-02,4.199665774793342327e-02,4.202378147828884913e-02,4.204591159395671546e-02,4.206391697274507874e-02,4.207852479419034453e-02,4.209034177288482198e-02,4.209987259241362162e-02,4.210753577536038156e-02,4.211367746726105143e-02,4.211858316715264700e-02,4.212248769643398005e-02,4.212558365990817788e-02,4.212803167753625261e-02,4.212995763076209099e-02,4.213146591188707268e-02,4.213264120760666642e-02,4.213355201447901294e-02,4.213425356410641781e-02,4.213479025066094175e-02,4.213519763935760776e-02,4.213550412231069353e-02,4.213573226927175286e-02,4.213589988334669190e-02,4.213602101518492543e-02,4.213610672056878476e-02,4.213616565893893440e-02,4.213620457703503436e-02,4.213622870179953989e-02,4.213624206033627501e-02,4.213624772938999452e-02,4.213624804175589850e-02,4.213624474930419833e-02,4.213623933993312226e-02,4.213623224559975150e-02,4.213622464489555353e-02,4.213621696307183473e-02,4.213620949449485564e-02,4.213620243065568233e-02,4.213619576528853522e-02,4.213618973003700058e-02,4.213618432831302274e-02,4.213617954295442725e-02
0.000000000000000000e+00,9.789381053744313464e-04,3.113592716217563217e-03,5.749046094141875562e-03,8.583156990275073520e-03,1.155752247532616794e-02,1.469720634123904482e-02,1.763365852594496810e-02,2.035875395098628304e-02,2.286934530448490183e-02,2.516637050272393580e-02,2.725417029494914267e-02,2.913987387956931685e-02,3.083281554558433071e-02,3.234398283300354143e-02,3.368550753265141251e-02,3.487020980102676498e-02,3.591120294172854555e-02,3.682156308080480195e-02,3.761406221638929209e-02,3.830095967747762509e-02,3.889385228134997069e-02,3.940356441402082660e-02,3.984009316068395229e-02,4.021257416918700561e-02,4.052928227254178756e-02,4.079765173154645264e-02,4.102431225481426719e-02,4.121513607098301751e-02,4.137529194398004845e-02,4.150930378766526374e-02,4.162110938115477776e-02,4.171411944299637659e-02,4.179127443995938468e-02,4.185509849493450341e-02,4.190774915186724903e-02,4.195106333532767212e-02,4.198659915847641200e-02,4.201567353427227564e-02,4.203939571618601351e-02,4.205869697827373938e-02,4.207435669591955141e-02,4.208702512045231492e-02,4.209724315249215726e-02,4.210545936792731841e-02,4.211204473209791826e-02,4.211730521821210882e-02,4.212149249130237028e-02,4.212481297473579661e-02,4.212743825537683395e-02,4.212950386736238895e-02,4.213112168641239275e-02,4.213238247556342492e-02,4.213335965042950410e-02,4.213411241328616358e-02,4.213468835347111002e-02,4.213512559953135755e-02,4.213545459290896772e-02,4.213569954757100805e-02,4.213587957477496482e-02,4.213600973762359619e-02,4.213610188973383047e-02,4.213616531519528974e-02,4.213620724898304443e-02,4.213623329846455379e-02,4.213624778070038102e-02,4.213625399751680378e-02,4.213625445235479050e-02,4.213625102627500951e-02,4.213624530096569260e-02,4.213623812067462254e-02,4.213622992069203377e-02,4.213622165037361755e-02,4.213621362067055537e-02,4.213620603397202208e-02,4.213619889095588517e-02,4.213619241903725915e-02,4.213618663121762586e-02,4.213618150295706660e-02,4.213617700255735399e-02
